year,company_id,company_name,ald_sector,ald_business_unit,ald_production_unit,emissions_factor_unit,scenario_geography,plan_tech_prod,plan_emission_factor
2023,10,company-10,Coal,Coal,t coal,tCO2e/t coal,Global,0,0
2023,12,company-12,Coal,Coal,t coal,tCO2e/t coal,Global,10923318587,2.013454045565869e-5
2023,16,company-16,Coal,Coal,t coal,tCO2e/t coal,Global,40676178582.5,8.36066739431397e-6
2023,20,company-20,Coal,Coal,t coal,tCO2e/t coal,Global,61489719106,7.704914039097806e-6
2023,26,company-26,Coal,Coal,t coal,tCO2e/t coal,Global,63872098628.5,3.138827505356829e-6
2023,34,company-34,Coal,Coal,t coal,tCO2e/t coal,Global,20946495732,6.287877537376713e-6
2023,38,company-38,Coal,Coal,t coal,tCO2e/t coal,Global,13825784132,2.407566882442339e-5
2023,39,company-39,Coal,Coal,t coal,tCO2e/t coal,Global,4396464404,7.549134247465637e-5
2023,44,company-44,Coal,Coal,t coal,tCO2e/t coal,Global,33094389218,1.964332974141792e-5
2023,53,company-53,Coal,Coal,t coal,tCO2e/t coal,Global,35773369557.5,7.742211690593553e-6
2023,63,company-63,Coal,Coal,t coal,tCO2e/t coal,Global,31806796585,6.389043280637562e-6
2023,65,company-65,Coal,Coal,t coal,tCO2e/t coal,Global,6158642546,3.042456167905024e-5
2023,69,company-69,Coal,Coal,t coal,tCO2e/t coal,Global,0,0
2023,94,company-94,Coal,Coal,t coal,tCO2e/t coal,Global,42805368925,1.9461425538922627e-5
2024,10,company-10,Coal,Coal,t coal,tCO2e/t coal,Global,16889903320,5.497811221337411e-6
2024,12,company-12,Coal,Coal,t coal,tCO2e/t coal,Global,51789519628.5,2.9713637257858662e-6
2024,16,company-16,Coal,Coal,t coal,tCO2e/t coal,Global,31988073760,1.0958599840367505e-5
2024,20,company-20,Coal,Coal,t coal,tCO2e/t coal,Global,42624879090.666664,2.0308421242877974e-5
2024,26,company-26,Coal,Coal,t coal,tCO2e/t coal,Global,63718177508,5.808044336383219e-6
2024,34,company-34,Coal,Coal,t coal,tCO2e/t coal,Global,24243007924,1.5549122500876677e-5
2024,38,company-38,Coal,Coal,t coal,tCO2e/t coal,Global,17664317828,2.063595116151009e-5
2024,39,company-39,Coal,Coal,t coal,tCO2e/t coal,Global,8689306071,4.809820215619379e-6
2024,44,company-44,Coal,Coal,t coal,tCO2e/t coal,Global,31442096688.5,7.5735725374540965e-6
2024,53,company-53,Coal,Coal,t coal,tCO2e/t coal,Global,50388467006.5,6.959628280708806e-7
2024,63,company-63,Coal,Coal,t coal,tCO2e/t coal,Global,37350013085.5,9.513905636031801e-6
2024,65,company-65,Coal,Coal,t coal,tCO2e/t coal,Global,8616409154,6.682946337717518e-6
2024,69,company-69,Coal,Coal,t coal,tCO2e/t coal,Global,0,0
2024,94,company-94,Coal,Coal,t coal,tCO2e/t coal,Global,48609678666.5,9.28756396637391e-6
2025,10,company-10,Coal,Coal,t coal,tCO2e/t coal,Global,5975086768,5.126285389534615e-6
2025,12,company-12,Coal,Coal,t coal,tCO2e/t coal,Global,45441210914.5,1.0543072914615606e-6
2025,16,company-16,Coal,Coal,t coal,tCO2e/t coal,Global,26637899021,1.6635283422715096e-5
2025,20,company-20,Coal,Coal,t coal,tCO2e/t coal,Global,78364870312.33333,6.262238398967474e-6
2025,26,company-26,Coal,Coal,t coal,tCO2e/t coal,Global,37196056524,9.650969310910062e-6
2025,34,company-34,Coal,Coal,t coal,tCO2e/t coal,Global,34696882157,1.1824722410028618e-5
2025,38,company-38,Coal,Coal,t coal,tCO2e/t coal,Global,16042637829,4.9287748587745046e-5
2025,39,company-39,Coal,Coal,t coal,tCO2e/t coal,Global,37487840626,2.6939401766971223e-6
2025,44,company-44,Coal,Coal,t coal,tCO2e/t coal,Global,24745837475.5,1.3335414504630027e-5
2025,53,company-53,Coal,Coal,t coal,tCO2e/t coal,Global,27624399819,1.9630688939964478e-5
2025,63,company-63,Coal,Coal,t coal,tCO2e/t coal,Global,42911957812,1.9339318043604344e-5
2025,65,company-65,Coal,Coal,t coal,tCO2e/t coal,Global,11074175762,2.292784632074002e-5
2025,69,company-69,Coal,Coal,t coal,tCO2e/t coal,Global,10172508291,5.399454925841161e-6
2025,94,company-94,Coal,Coal,t coal,tCO2e/t coal,Global,46192948175,1.2425273178615429e-5
2026,10,company-10,Coal,Coal,t coal,tCO2e/t coal,Global,40687047001,3.1752857364365792e-6
2026,12,company-12,Coal,Coal,t coal,tCO2e/t coal,Global,38847934728,2.802774478549623e-6
2026,16,company-16,Coal,Coal,t coal,tCO2e/t coal,Global,26998590805,1.8927506390643265e-5
2026,20,company-20,Coal,Coal,t coal,tCO2e/t coal,Global,70992285845,6.048699445141806e-6
2026,26,company-26,Coal,Coal,t coal,tCO2e/t coal,Global,46344391219,6.961662274845644e-6
2026,34,company-34,Coal,Coal,t coal,tCO2e/t coal,Global,34084635610,4.740405672771692e-6
2026,38,company-38,Coal,Coal,t coal,tCO2e/t coal,Global,20291576892,1.8384771276552596e-5
2026,39,company-39,Coal,Coal,t coal,tCO2e/t coal,Global,9504165586,6.1215263426913955e-6
2026,44,company-44,Coal,Coal,t coal,tCO2e/t coal,Global,22777921146,1.118385643567545e-5
2026,53,company-53,Coal,Coal,t coal,tCO2e/t coal,Global,16515223020,2.057749989742494e-5
2026,63,company-63,Coal,Coal,t coal,tCO2e/t coal,Global,24281417694,8.630756352080073e-6
2026,65,company-65,Coal,Coal,t coal,tCO2e/t coal,Global,11563819938,1.0561734846687994e-5
2026,69,company-69,Coal,Coal,t coal,tCO2e/t coal,Global,3003387117,1.3680154571962228e-4
2026,94,company-94,Coal,Coal,t coal,tCO2e/t coal,Global,37091957801,1.8109612967959606e-5
2027,10,company-10,Coal,Coal,t coal,tCO2e/t coal,Global,40687047001,3.1752857364365792e-6
2027,12,company-12,Coal,Coal,t coal,tCO2e/t coal,Global,38847934728,2.802774478549623e-6
2027,16,company-16,Coal,Coal,t coal,tCO2e/t coal,Global,26998590805,1.8927506390643265e-5
2027,20,company-20,Coal,Coal,t coal,tCO2e/t coal,Global,70992285845,6.048699445141806e-6
2027,26,company-26,Coal,Coal,t coal,tCO2e/t coal,Global,46344391219,6.961662274845644e-6
2027,34,company-34,Coal,Coal,t coal,tCO2e/t coal,Global,34084635610,4.740405672771692e-6
2027,38,company-38,Coal,Coal,t coal,tCO2e/t coal,Global,20291576892,1.8384771276552596e-5
2027,39,company-39,Coal,Coal,t coal,tCO2e/t coal,Global,9504165586,6.1215263426913955e-6
2027,44,company-44,Coal,Coal,t coal,tCO2e/t coal,Global,22777921146,1.118385643567545e-5
2027,53,company-53,Coal,Coal,t coal,tCO2e/t coal,Global,16515223020,2.057749989742494e-5
2027,63,company-63,Coal,Coal,t coal,tCO2e/t coal,Global,24281417694,8.630756352080073e-6
2027,65,company-65,Coal,Coal,t coal,tCO2e/t coal,Global,11563819938,1.0561734846687994e-5
2027,69,company-69,Coal,Coal,t coal,tCO2e/t coal,Global,3003387117,1.3680154571962228e-4
2027,94,company-94,Coal,Coal,t coal,tCO2e/t coal,Global,37091957801,1.8109612967959606e-5
2028,10,company-10,Coal,Coal,t coal,tCO2e/t coal,Global,40687047001,3.1752857364365792e-6
2028,12,company-12,Coal,Coal,t coal,tCO2e/t coal,Global,38847934728,2.802774478549623e-6
2028,16,company-16,Coal,Coal,t coal,tCO2e/t coal,Global,26998590805,1.8927506390643265e-5
2028,20,company-20,Coal,Coal,t coal,tCO2e/t coal,Global,70992285845,6.048699445141806e-6
2028,26,company-26,Coal,Coal,t coal,tCO2e/t coal,Global,46344391219,6.961662274845644e-6
2028,34,company-34,Coal,Coal,t coal,tCO2e/t coal,Global,34084635610,4.740405672771692e-6
2028,38,company-38,Coal,Coal,t coal,tCO2e/t coal,Global,20291576892,1.8384771276552596e-5
2028,39,company-39,Coal,Coal,t coal,tCO2e/t coal,Global,9504165586,6.1215263426913955e-6
2028,44,company-44,Coal,Coal,t coal,tCO2e/t coal,Global,22777921146,1.118385643567545e-5
2028,53,company-53,Coal,Coal,t coal,tCO2e/t coal,Global,16515223020,2.057749989742494e-5
2028,63,company-63,Coal,Coal,t coal,tCO2e/t coal,Global,24281417694,8.630756352080073e-6
2028,65,company-65,Coal,Coal,t coal,tCO2e/t coal,Global,11563819938,1.0561734846687994e-5
2028,69,company-69,Coal,Coal,t coal,tCO2e/t coal,Global,3003387117,1.3680154571962228e-4
2028,94,company-94,Coal,Coal,t coal,tCO2e/t coal,Global,37091957801,1.8109612967959606e-5
2023,1,company-1,Power,HydroCap,MW,tCO2e/MWh,Global,19835400478,5.811893608098604e-8
2023,2,company-2,Power,NuclearCap,MW,tCO2e/MWh,Global,15999307447.5,6.987593069915674e-6
2023,3,company-3,Power,HydroCap,MW,tCO2e/MWh,Global,30589351853,1.3184898745600704e-5
2023,4,company-4,Power,GasCap,MW,tCO2e/MWh,Global,18624587370,9.135304970077154e-6
2023,4,company-4,Power,HydroCap,MW,tCO2e/MWh,Global,45337184546.5,2.7281280860396672e-5
2023,5,company-5,Power,OilCap,MW,tCO2e/MWh,Global,5681577544.5,5.5015802509598706e-6
2023,6,company-6,Power,CoalCap,MW,tCO2e/MWh,Global,37981443336,9.783456081352014e-6
2023,6,company-6,Power,NuclearCap,MW,tCO2e/MWh,Global,36190945963,2.5978314222957032e-5
2023,7,company-7,Power,RenewablesCap,MW,tCO2e/MWh,Global,37510497499,4.529597543068759e-6
2023,8,company-8,Power,NuclearCap,MW,tCO2e/MWh,Global,831389743,3.546844418602796e-5
2023,9,company-9,Power,GasCap,MW,tCO2e/MWh,Global,22869108118.666668,0
2023,9,company-9,Power,NuclearCap,MW,tCO2e/MWh,Global,18414072379,1.006586792393634e-4
2023,9,company-9,Power,OilCap,MW,tCO2e/MWh,Global,15476048770,1.168862492002938e-5
2023,10,company-10,Power,CoalCap,MW,tCO2e/MWh,Global,6086123934,2.810671994456008e-5
2023,10,company-10,Power,OilCap,MW,tCO2e/MWh,Global,16297897211,3.099905986178056e-5
2023,11,company-11,Power,GasCap,MW,tCO2e/MWh,Global,23137863691.5,2.4591188350804228e-5
2023,11,company-11,Power,OilCap,MW,tCO2e/MWh,Global,37391194626,1.906707848433752e-5
2023,11,company-11,Power,RenewablesCap,MW,tCO2e/MWh,Global,4045675011.5,1.4982144651285858e-5
2023,12,company-12,Power,HydroCap,MW,tCO2e/MWh,Global,18087331495,1.6203719517339546e-5
2023,13,company-13,Power,HydroCap,MW,tCO2e/MWh,Global,0,0
2023,13,company-13,Power,NuclearCap,MW,tCO2e/MWh,Global,26203885038,2.7901285954167456e-5
2023,14,company-14,Power,CoalCap,MW,tCO2e/MWh,Global,16411651397,0
2023,14,company-14,Power,HydroCap,MW,tCO2e/MWh,Global,27488731561,7.139153760816301e-6
2023,15,company-15,Power,OilCap,MW,tCO2e/MWh,Global,59821876789,1.4038427665179691e-5
2023,16,company-16,Power,NuclearCap,MW,tCO2e/MWh,Global,87494322600.5,5.852615691792071e-5
2023,17,company-17,Power,GasCap,MW,tCO2e/MWh,Global,377016300,3.542480047695158e-6
2023,18,company-18,Power,GasCap,MW,tCO2e/MWh,Global,49164835394.333336,8.491118237782372e-6
2023,18,company-18,Power,HydroCap,MW,tCO2e/MWh,Global,56683531510.5,1.9870710115274825e-5
2023,18,company-18,Power,RenewablesCap,MW,tCO2e/MWh,Global,62495612779,1.2474172369429895e-5
2023,20,company-20,Power,NuclearCap,MW,tCO2e/MWh,Global,16024322923,1.411338559103501e-5
2023,20,company-20,Power,RenewablesCap,MW,tCO2e/MWh,Global,22943718322,6.897378200784541e-6
2023,21,company-21,Power,HydroCap,MW,tCO2e/MWh,Global,62039969100,Inf
2023,21,company-21,Power,OilCap,MW,tCO2e/MWh,Global,48906823468,7.97119489679932e-6
2023,22,company-22,Power,GasCap,MW,tCO2e/MWh,Global,6298062200,2.2705017856888904e-5
2023,22,company-22,Power,OilCap,MW,tCO2e/MWh,Global,15649470619,6.825304788044531e-5
2023,23,company-23,Power,NuclearCap,MW,tCO2e/MWh,Global,42140525657,1.0755812798693864e-5
2023,24,company-24,Power,GasCap,MW,tCO2e/MWh,Global,12869342031,1.19317993347432e-5
2023,25,company-25,Power,GasCap,MW,tCO2e/MWh,Global,10300894759,5.766260055713634e-6
2023,25,company-25,Power,NuclearCap,MW,tCO2e/MWh,Global,64194413806,1.2127159031429889e-5
2023,26,company-26,Power,GasCap,MW,tCO2e/MWh,Global,22582805759.5,2.0577958150202197e-4
2023,27,company-27,Power,GasCap,MW,tCO2e/MWh,Global,81930933955.33333,Inf
2023,27,company-27,Power,NuclearCap,MW,tCO2e/MWh,Global,12132553687,4.404657361504209e-5
2023,28,company-28,Power,NuclearCap,MW,tCO2e/MWh,Global,33862088881,6.771966488795872e-5
2023,29,company-29,Power,HydroCap,MW,tCO2e/MWh,Global,44293728780,7.795898487395928e-6
2023,29,company-29,Power,OilCap,MW,tCO2e/MWh,Global,20860815688,4.052390758259778e-6
2023,30,company-30,Power,CoalCap,MW,tCO2e/MWh,Global,19303737975,4.067457529950087e-6
2023,31,company-31,Power,OilCap,MW,tCO2e/MWh,Global,37313865606,2.9453146375937e-5
2023,31,company-31,Power,RenewablesCap,MW,tCO2e/MWh,Global,4664200889,2.4561536844700022e-5
2023,32,company-32,Power,GasCap,MW,tCO2e/MWh,Global,23669747226,1.8910090350569064e-5
2023,32,company-32,Power,RenewablesCap,MW,tCO2e/MWh,Global,25686636608,7.787560953675411e-5
2023,34,company-34,Power,GasCap,MW,tCO2e/MWh,Global,29245089606.5,2.3209043874923176e-5
2023,36,company-36,Power,HydroCap,MW,tCO2e/MWh,Global,30640760120.5,2.1822232012538144e-5
2023,36,company-36,Power,NuclearCap,MW,tCO2e/MWh,Global,11886475342.5,1.4352934017330903e-5
2023,37,company-37,Power,GasCap,MW,tCO2e/MWh,Global,92773282894,2.0284443987666613e-5
2023,37,company-37,Power,OilCap,MW,tCO2e/MWh,Global,35978966965,9.918149131991574e-6
2023,39,company-39,Power,CoalCap,MW,tCO2e/MWh,Global,31052959378.5,2.457495270538977e-5
2023,41,company-41,Power,GasCap,MW,tCO2e/MWh,Global,57914594193,3.7931095118738955e-5
2023,41,company-41,Power,HydroCap,MW,tCO2e/MWh,Global,35064530374.5,2.2483202845434753e-5
2023,41,company-41,Power,OilCap,MW,tCO2e/MWh,Global,16102485583,1.2527414655526063e-5
2023,42,company-42,Power,CoalCap,MW,tCO2e/MWh,Global,45958267100.333336,1.421275675245682e-5
2023,43,company-43,Power,GasCap,MW,tCO2e/MWh,Global,45326758513.666664,2.3363879915045845e-5
2023,43,company-43,Power,OilCap,MW,tCO2e/MWh,Global,42595990115,9.689784585161212e-6
2023,44,company-44,Power,GasCap,MW,tCO2e/MWh,Global,55240541021.33333,3.824763662385025e-5
2023,45,company-45,Power,NuclearCap,MW,tCO2e/MWh,Global,8084060530,7.052614225524324e-6
2023,46,company-46,Power,NuclearCap,MW,tCO2e/MWh,Global,59095089340,4.360019814529598e-6
2023,47,company-47,Power,CoalCap,MW,tCO2e/MWh,Global,23939027808,4.379963402465025e-6
2023,47,company-47,Power,RenewablesCap,MW,tCO2e/MWh,Global,34190382985,1.0325511644798894e-5
2023,49,company-49,Power,NuclearCap,MW,tCO2e/MWh,Global,440639148,2.988855135000226e-5
2023,49,company-49,Power,OilCap,MW,tCO2e/MWh,Global,27622759790,9.215886323620863e-6
2023,50,company-50,Power,HydroCap,MW,tCO2e/MWh,Global,31903726046,4.7058851973107605e-5
2023,52,company-52,Power,CoalCap,MW,tCO2e/MWh,Global,41894099083,4.41837106987218e-6
2023,52,company-52,Power,OilCap,MW,tCO2e/MWh,Global,33032669455,1.0841184048986495e-5
2023,53,company-53,Power,CoalCap,MW,tCO2e/MWh,Global,16897721163,4.269601493320802e-5
2023,54,company-54,Power,CoalCap,MW,tCO2e/MWh,Global,47929702645.5,1.364997566310967e-5
2023,55,company-55,Power,CoalCap,MW,tCO2e/MWh,Global,2028952968,3.710806451759253e-5
2023,56,company-56,Power,RenewablesCap,MW,tCO2e/MWh,Global,15211142108.5,4.453882349002427e-5
2023,57,company-57,Power,HydroCap,MW,tCO2e/MWh,Global,13372213652,2.4989016960180955e-5
2023,58,company-58,Power,OilCap,MW,tCO2e/MWh,Global,19875452428,3.52996910814232e-5
2023,58,company-58,Power,RenewablesCap,MW,tCO2e/MWh,Global,24057487733.666664,4.488721969000963e-6
2023,59,company-59,Power,HydroCap,MW,tCO2e/MWh,Global,72391797528.5,1.5125697252275677e-5
2023,59,company-59,Power,NuclearCap,MW,tCO2e/MWh,Global,84247588772,4.801175579718254e-5
2023,60,company-60,Power,CoalCap,MW,tCO2e/MWh,Global,12996710922,8.87493430918757e-5
2023,60,company-60,Power,GasCap,MW,tCO2e/MWh,Global,15155775290,1.7050943426921242e-5
2023,61,company-61,Power,NuclearCap,MW,tCO2e/MWh,Global,62882118790.666664,6.7531813535306784e-6
2023,62,company-62,Power,NuclearCap,MW,tCO2e/MWh,Global,6123252159,9.499858891993844e-6
2023,62,company-62,Power,OilCap,MW,tCO2e/MWh,Global,1411427316,1.7604136320997564e-5
2023,63,company-63,Power,GasCap,MW,tCO2e/MWh,Global,30793284939,6.276062216921562e-5
2023,64,company-64,Power,HydroCap,MW,tCO2e/MWh,Global,32041227993.666668,1.4484530265192286e-5
2023,65,company-65,Power,CoalCap,MW,tCO2e/MWh,Global,1792142103,9.391931671503186e-6
2023,65,company-65,Power,RenewablesCap,MW,tCO2e/MWh,Global,43588683054,Inf
2023,66,company-66,Power,CoalCap,MW,tCO2e/MWh,Global,4066580813,3.119588148161727e-5
2023,66,company-66,Power,GasCap,MW,tCO2e/MWh,Global,52903644090,2.2054584416334387e-5
2023,66,company-66,Power,NuclearCap,MW,tCO2e/MWh,Global,67269631277,5.655351815983657e-7
2023,67,company-67,Power,OilCap,MW,tCO2e/MWh,Global,8118277773,2.9997412593557516e-5
2023,68,company-68,Power,GasCap,MW,tCO2e/MWh,Global,29538343815,1.1610540192638324e-5
2023,68,company-68,Power,NuclearCap,MW,tCO2e/MWh,Global,6561090643,7.306349071097854e-6
2023,69,company-69,Power,CoalCap,MW,tCO2e/MWh,Global,2876028017,3.088947118531614e-6
2023,69,company-69,Power,RenewablesCap,MW,tCO2e/MWh,Global,22044716725,2.7248618753137635e-5
2023,70,company-70,Power,OilCap,MW,tCO2e/MWh,Global,10168893912,1.413674339103236e-5
2023,71,company-71,Power,GasCap,MW,tCO2e/MWh,Global,4774652540,1.5039487770811842e-5
2023,71,company-71,Power,RenewablesCap,MW,tCO2e/MWh,Global,43400980462.66667,6.49675574440434e-6
2023,72,company-72,Power,HydroCap,MW,tCO2e/MWh,Global,19499194240.5,1.1619633335201762e-5
2023,72,company-72,Power,NuclearCap,MW,tCO2e/MWh,Global,53615615788,4.903650974308456e-6
2023,74,company-74,Power,HydroCap,MW,tCO2e/MWh,Global,5855962094,1.3202531666594781e-5
2023,74,company-74,Power,RenewablesCap,MW,tCO2e/MWh,Global,9594062747.666666,4.5453934932738385e-5
2023,75,company-75,Power,OilCap,MW,tCO2e/MWh,Global,0,0
2023,76,company-76,Power,GasCap,MW,tCO2e/MWh,Global,99710539549,1.2217950330520745e-5
2023,76,company-76,Power,OilCap,MW,tCO2e/MWh,Global,4894277631.666666,1.1474482423728988e-5
2023,77,company-77,Power,CoalCap,MW,tCO2e/MWh,Global,16866602153,9.63879263639985e-6
2023,77,company-77,Power,HydroCap,MW,tCO2e/MWh,Global,45731186176,1.4895322689395714e-5
2023,77,company-77,Power,RenewablesCap,MW,tCO2e/MWh,Global,8351097750.5,1.3366632817819095e-5
2023,78,company-78,Power,OilCap,MW,tCO2e/MWh,Global,17604691216,4.972330072332363e-6
2023,79,company-79,Power,RenewablesCap,MW,tCO2e/MWh,Global,18347729195,2.6073234377849905e-5
2023,80,company-80,Power,GasCap,MW,tCO2e/MWh,Global,29445900431,1.2256344343592954e-5
2023,80,company-80,Power,OilCap,MW,tCO2e/MWh,Global,64109691509.5,1.6034202659370564e-5
2023,81,company-81,Power,RenewablesCap,MW,tCO2e/MWh,Global,22354619015,1.0016526681349904e-5
2023,82,company-82,Power,RenewablesCap,MW,tCO2e/MWh,Global,31593311365,4.743356163510137e-5
2023,83,company-83,Power,HydroCap,MW,tCO2e/MWh,Global,10942499407,9.169747052012152e-5
2023,84,company-84,Power,GasCap,MW,tCO2e/MWh,Global,11270452559,8.217339288871308e-6
2023,84,company-84,Power,NuclearCap,MW,tCO2e/MWh,Global,40060969829,1.656790967563311e-5
2023,86,company-86,Power,CoalCap,MW,tCO2e/MWh,Global,16194740896,1.1337103082886335e-5
2023,86,company-86,Power,GasCap,MW,tCO2e/MWh,Global,6117127963.166667,2.8691091460975526e-5
2023,86,company-86,Power,NuclearCap,MW,tCO2e/MWh,Global,45962244138,2.4354732448344246e-5
2023,87,company-87,Power,OilCap,MW,tCO2e/MWh,Global,23208987974,2.0304677025303845e-5
2023,87,company-87,Power,RenewablesCap,MW,tCO2e/MWh,Global,26252901636,2.5713158617366494e-5
2023,89,company-89,Power,CoalCap,MW,tCO2e/MWh,Global,22592013169,1.1115158450730807e-5
2023,89,company-89,Power,OilCap,MW,tCO2e/MWh,Global,10825468391,6.899160151966535e-6
2023,89,company-89,Power,RenewablesCap,MW,tCO2e/MWh,Global,40127181171,2.8529802075900777e-5
2023,90,company-90,Power,CoalCap,MW,tCO2e/MWh,Global,41041638962,8.218965886713583e-6
2023,90,company-90,Power,GasCap,MW,tCO2e/MWh,Global,34259133522,3.569447297524789e-5
2023,90,company-90,Power,RenewablesCap,MW,tCO2e/MWh,Global,39119587071.5,3.593928522518849e-5
2023,91,company-91,Power,NuclearCap,MW,tCO2e/MWh,Global,24582271099,1.3093513110637128e-5
2023,92,company-92,Power,GasCap,MW,tCO2e/MWh,Global,39353995988,3.8123679931592976e-5
2023,93,company-93,Power,CoalCap,MW,tCO2e/MWh,Global,1928539170,4.737275514714224e-6
2023,93,company-93,Power,GasCap,MW,tCO2e/MWh,Global,20526454668,6.80780896234191e-6
2023,93,company-93,Power,HydroCap,MW,tCO2e/MWh,Global,10598388654.5,2.6043636897386953e-5
2023,94,company-94,Power,RenewablesCap,MW,tCO2e/MWh,Global,35921877773.5,1.0641533956300321e-5
2023,95,company-95,Power,CoalCap,MW,tCO2e/MWh,Global,13604215583,1.525752591600265e-5
2023,95,company-95,Power,HydroCap,MW,tCO2e/MWh,Global,13323657796,2.0847622970520565e-4
2023,95,company-95,Power,NuclearCap,MW,tCO2e/MWh,Global,11249128519,5.123208304181928e-6
2023,96,company-96,Power,HydroCap,MW,tCO2e/MWh,Global,12122131135.5,1.7693449119549193e-5
2023,96,company-96,Power,RenewablesCap,MW,tCO2e/MWh,Global,10132653302,3.129594862092481e-5
2023,97,company-97,Power,OilCap,MW,tCO2e/MWh,Global,10423896330,9.918991792570827e-6
2023,98,company-98,Power,OilCap,MW,tCO2e/MWh,Global,27754145506,2.0786498351085822e-5
2023,99,company-99,Power,OilCap,MW,tCO2e/MWh,Global,65448627194.5,1.9850481709787105e-5
2023,100,company-100,Power,CoalCap,MW,tCO2e/MWh,Global,6060082809.5,6.003404207082786e-5
2023,100,company-100,Power,GasCap,MW,tCO2e/MWh,Global,43662676962.5,2.9862948013726714e-5
2023,100,company-100,Power,HydroCap,MW,tCO2e/MWh,Global,8297574966,1.4146421215342563e-5
2024,1,company-1,Power,HydroCap,MW,tCO2e/MWh,Global,11976942112,1.258476925743633e-4
2024,2,company-2,Power,NuclearCap,MW,tCO2e/MWh,Global,21979480359.666664,8.464393712430564e-6
2024,3,company-3,Power,HydroCap,MW,tCO2e/MWh,Global,43503745308,2.2085723387820402e-5
2024,4,company-4,Power,GasCap,MW,tCO2e/MWh,Global,43776943955.5,5.597498401676276e-5
2024,4,company-4,Power,HydroCap,MW,tCO2e/MWh,Global,24843967699,8.222894976390316e-4
2024,5,company-5,Power,OilCap,MW,tCO2e/MWh,Global,11115323062,2.381714136463247e-5
2024,6,company-6,Power,CoalCap,MW,tCO2e/MWh,Global,49897955311.5,4.6178639203855125e-6
2024,6,company-6,Power,NuclearCap,MW,tCO2e/MWh,Global,11767281586,1.3428252451154068e-5
2024,7,company-7,Power,RenewablesCap,MW,tCO2e/MWh,Global,24831854952,2.6031683969090125e-6
2024,8,company-8,Power,NuclearCap,MW,tCO2e/MWh,Global,10642638831.5,1.2974262298865125e-5
2024,9,company-9,Power,GasCap,MW,tCO2e/MWh,Global,16342453433.333334,0
2024,9,company-9,Power,NuclearCap,MW,tCO2e/MWh,Global,54590379449.5,1.4022891097582518e-5
2024,9,company-9,Power,OilCap,MW,tCO2e/MWh,Global,9670154215,1.6836391551424234e-6
2024,10,company-10,Power,CoalCap,MW,tCO2e/MWh,Global,1975367657,8.41856553338113e-6
2024,10,company-10,Power,OilCap,MW,tCO2e/MWh,Global,5359276696,9.415146065268727e-6
2024,11,company-11,Power,GasCap,MW,tCO2e/MWh,Global,43556210756,1.4765226900584677e-5
2024,11,company-11,Power,OilCap,MW,tCO2e/MWh,Global,26346064781,3.182021797159043e-5
2024,11,company-11,Power,RenewablesCap,MW,tCO2e/MWh,Global,4152772586,3.0586715145739095e-6
2024,12,company-12,Power,HydroCap,MW,tCO2e/MWh,Global,13145223812,9.798893089274021e-6
2024,13,company-13,Power,HydroCap,MW,tCO2e/MWh,Global,18298682437,1.3379062957766245e-5
2024,13,company-13,Power,NuclearCap,MW,tCO2e/MWh,Global,38669959124.5,1.8468635033128936e-5
2024,14,company-14,Power,CoalCap,MW,tCO2e/MWh,Global,23940101780,2.1426688870881047e-6
2024,14,company-14,Power,HydroCap,MW,tCO2e/MWh,Global,17116347259,1.0719796985733325e-5
2024,15,company-15,Power,OilCap,MW,tCO2e/MWh,Global,78321388158,2.0728570295076895e-5
2024,16,company-16,Power,NuclearCap,MW,tCO2e/MWh,Global,79507947047,1.6372433346894188e-5
2024,17,company-17,Power,GasCap,MW,tCO2e/MWh,Global,10915708349,3.0945018765976425e-6
2024,18,company-18,Power,GasCap,MW,tCO2e/MWh,Global,42506191774.333336,2.689894152562471e-5
2024,18,company-18,Power,HydroCap,MW,tCO2e/MWh,Global,54078628611,6.2675759074013495e-6
2024,18,company-18,Power,RenewablesCap,MW,tCO2e/MWh,Global,50083026820,9.672775585181788e-6
2024,20,company-20,Power,NuclearCap,MW,tCO2e/MWh,Global,20994445505,1.4715259087951946e-5
2024,20,company-20,Power,RenewablesCap,MW,tCO2e/MWh,Global,30405356309,3.140416556969655e-6
2024,21,company-21,Power,HydroCap,MW,tCO2e/MWh,Global,53797102738,3.8653480844435996e-5
2024,21,company-21,Power,OilCap,MW,tCO2e/MWh,Global,60670831235.333336,7.251927754607572e-6
2024,22,company-22,Power,GasCap,MW,tCO2e/MWh,Global,11743125695,4.710622676581236e-6
2024,22,company-22,Power,OilCap,MW,tCO2e/MWh,Global,1418673930,8.25754492380703e-6
2024,23,company-23,Power,NuclearCap,MW,tCO2e/MWh,Global,23170179992,2.315393284453838e-5
2024,24,company-24,Power,GasCap,MW,tCO2e/MWh,Global,70919091134.33333,8.815620952646892e-6
2024,25,company-25,Power,GasCap,MW,tCO2e/MWh,Global,5437311057.5,4.324098332577298e-6
2024,25,company-25,Power,NuclearCap,MW,tCO2e/MWh,Global,37785969353,5.609938969318549e-6
2024,26,company-26,Power,GasCap,MW,tCO2e/MWh,Global,24574267453.5,4.7462517197200154e-5
2024,27,company-27,Power,GasCap,MW,tCO2e/MWh,Global,54993083651.666664,1.7826051299309322e-5
2024,27,company-27,Power,NuclearCap,MW,tCO2e/MWh,Global,14784386168,2.107740278261242e-5
2024,28,company-28,Power,NuclearCap,MW,tCO2e/MWh,Global,41237488051.5,1.6944186163144405e-5
2024,29,company-29,Power,HydroCap,MW,tCO2e/MWh,Global,55781283526.333336,2.6344299928387353e-5
2024,29,company-29,Power,OilCap,MW,tCO2e/MWh,Global,10508769997.5,5.163279901140932e-5
2024,30,company-30,Power,CoalCap,MW,tCO2e/MWh,Global,32380852567.5,9.103402699198988e-6
2024,31,company-31,Power,OilCap,MW,tCO2e/MWh,Global,33780072032,2.136761240350465e-5
2024,31,company-31,Power,RenewablesCap,MW,tCO2e/MWh,Global,29918047309,4.7996619683246204e-5
2024,32,company-32,Power,GasCap,MW,tCO2e/MWh,Global,18897640466,5.919003617817037e-5
2024,32,company-32,Power,RenewablesCap,MW,tCO2e/MWh,Global,18701561825,7.945109955506727e-5
2024,34,company-34,Power,GasCap,MW,tCO2e/MWh,Global,95546417841,1.915218800766777e-5
2024,36,company-36,Power,HydroCap,MW,tCO2e/MWh,Global,62920249489,7.54864953578894e-6
2024,36,company-36,Power,NuclearCap,MW,tCO2e/MWh,Global,12380740047.333334,1.0663585216303727e-5
2024,37,company-37,Power,GasCap,MW,tCO2e/MWh,Global,148822246305,2.1947856229639943e-5
2024,37,company-37,Power,OilCap,MW,tCO2e/MWh,Global,72095957242,9.29189895398e-6
2024,39,company-39,Power,CoalCap,MW,tCO2e/MWh,Global,18843208817,7.9858583990566e-6
2024,41,company-41,Power,GasCap,MW,tCO2e/MWh,Global,40653386397,2.4413297611450984e-05
2024,41,company-41,Power,HydroCap,MW,tCO2e/MWh,Global,40053466974,6.271295391432804e-6
2024,41,company-41,Power,OilCap,MW,tCO2e/MWh,Global,31766315697.166664,1.471263506261947e-5
2024,42,company-42,Power,CoalCap,MW,tCO2e/MWh,Global,58052081003.666664,1.6482630444167356e-5
2024,43,company-43,Power,GasCap,MW,tCO2e/MWh,Global,36626706224.833336,1.445627002993426e-5
2024,43,company-43,Power,OilCap,MW,tCO2e/MWh,Global,23723144426.666664,8.888118779069518e-5
2024,44,company-44,Power,GasCap,MW,tCO2e/MWh,Global,32484897993.666664,2.3943075794619002e-5
2024,45,company-45,Power,NuclearCap,MW,tCO2e/MWh,Global,7273933613,1.2577274280946674e-5
2024,46,company-46,Power,NuclearCap,MW,tCO2e/MWh,Global,32346195402.333336,2.5528319724990752e-5
2024,47,company-47,Power,CoalCap,MW,tCO2e/MWh,Global,24350271856,6.8324607113335215e-6
2024,47,company-47,Power,RenewablesCap,MW,tCO2e/MWh,Global,31993210713,3.821678372982489e-5
2024,49,company-49,Power,NuclearCap,MW,tCO2e/MWh,Global,22641180338,2.4612583901578947e-5
2024,49,company-49,Power,OilCap,MW,tCO2e/MWh,Global,2584445799,5.055422669663608e-6
2024,50,company-50,Power,HydroCap,MW,tCO2e/MWh,Global,7672285694,3.1052570557743955e-5
2024,52,company-52,Power,CoalCap,MW,tCO2e/MWh,Global,24944034716.5,2.0133543095466065e-5
2024,52,company-52,Power,OilCap,MW,tCO2e/MWh,Global,16842568009,9.382106146892194e-6
2024,53,company-53,Power,CoalCap,MW,tCO2e/MWh,Global,40130513689.5,3.108783972449252e-5
2024,54,company-54,Power,CoalCap,MW,tCO2e/MWh,Global,66325840758,7.580590831511234e-6
2024,55,company-55,Power,CoalCap,MW,tCO2e/MWh,Global,44718859447,7.594181909203561e-6
2024,56,company-56,Power,RenewablesCap,MW,tCO2e/MWh,Global,30413603346,6.724937268047029e-6
2024,57,company-57,Power,HydroCap,MW,tCO2e/MWh,Global,10982428411,9.203014019564523e-6
2024,58,company-58,Power,OilCap,MW,tCO2e/MWh,Global,7656323338,8.225124901493025e-6
2024,58,company-58,Power,RenewablesCap,MW,tCO2e/MWh,Global,15113100384.333332,5.811214971951153e-5
2024,59,company-59,Power,HydroCap,MW,tCO2e/MWh,Global,37845015095,2.261845950632701e-5
2024,59,company-59,Power,NuclearCap,MW,tCO2e/MWh,Global,32738550001,2.1999274935889563e-5
2024,60,company-60,Power,CoalCap,MW,tCO2e/MWh,Global,21442474979,1.616646516445034e-5
2024,60,company-60,Power,GasCap,MW,tCO2e/MWh,Global,16826726809,9.779646155558266e-6
2024,61,company-61,Power,NuclearCap,MW,tCO2e/MWh,Global,29864094165.5,2.648751725713431e-5
2024,62,company-62,Power,NuclearCap,MW,tCO2e/MWh,Global,6123252159,2.026200255614008e-5
2024,62,company-62,Power,OilCap,MW,tCO2e/MWh,Global,48843223,4.454477782646826e-5
2024,63,company-63,Power,GasCap,MW,tCO2e/MWh,Global,36729208738.5,5.706927825746257e-4
2024,64,company-64,Power,HydroCap,MW,tCO2e/MWh,Global,44653365193.333336,9.318245676714083e-6
2024,65,company-65,Power,CoalCap,MW,tCO2e/MWh,Global,12117786432,1.161761189605184e-5
2024,65,company-65,Power,RenewablesCap,MW,tCO2e/MWh,Global,36413073338.5,1.2265235215494677e-5
2024,66,company-66,Power,CoalCap,MW,tCO2e/MWh,Global,8226576491,2.7945902344136064e-5
2024,66,company-66,Power,GasCap,MW,tCO2e/MWh,Global,12944330372,1.0973042874097303e-5
2024,66,company-66,Power,NuclearCap,MW,tCO2e/MWh,Global,66066163334.5,1.3670907605192155e-5
2024,67,company-67,Power,OilCap,MW,tCO2e/MWh,Global,22660403909,4.222451982314728e-6
2024,68,company-68,Power,GasCap,MW,tCO2e/MWh,Global,45903978723,1.0775103864826202e-5
2024,68,company-68,Power,NuclearCap,MW,tCO2e/MWh,Global,7849452349.5,8.282214033585666e-6
2024,69,company-69,Power,CoalCap,MW,tCO2e/MWh,Global,6570432192,3.85691254876568e-6
2024,69,company-69,Power,RenewablesCap,MW,tCO2e/MWh,Global,15319425509,2.0891903145957733e-5
2024,70,company-70,Power,OilCap,MW,tCO2e/MWh,Global,12037917878,2.001273480638893e-6
2024,71,company-71,Power,GasCap,MW,tCO2e/MWh,Global,45724865858,6.578093664674539e-6
2024,71,company-71,Power,RenewablesCap,MW,tCO2e/MWh,Global,42841661555.833336,3.666290213746994e-5
2024,72,company-72,Power,HydroCap,MW,tCO2e/MWh,Global,19578337314.5,4.478818498181173e-6
2024,72,company-72,Power,NuclearCap,MW,tCO2e/MWh,Global,50590091751.333336,1.5098222196155333e-4
2024,74,company-74,Power,HydroCap,MW,tCO2e/MWh,Global,18293087197,6.849449632610019e-6
2024,74,company-74,Power,RenewablesCap,MW,tCO2e/MWh,Global,16570466603.333334,7.730136434283829e-6
2024,75,company-75,Power,OilCap,MW,tCO2e/MWh,Global,0,0
2024,76,company-76,Power,GasCap,MW,tCO2e/MWh,Global,113193821109.66667,1.4653545247188972e-6
2024,76,company-76,Power,OilCap,MW,tCO2e/MWh,Global,8313084085.333334,1.7764780472264448e-5
2024,77,company-77,Power,CoalCap,MW,tCO2e/MWh,Global,37503772782,3.854510039155388e-6
2024,77,company-77,Power,HydroCap,MW,tCO2e/MWh,Global,61546882660,9.66649797228284e-6
2024,77,company-77,Power,RenewablesCap,MW,tCO2e/MWh,Global,15927515542,7.075040898845249e-6
2024,78,company-78,Power,OilCap,MW,tCO2e/MWh,Global,24603620884.5,1.1108240199079722e-5
2024,79,company-79,Power,RenewablesCap,MW,tCO2e/MWh,Global,64125695783.5,6.964816933293675e-6
2024,80,company-80,Power,GasCap,MW,tCO2e/MWh,Global,37188912429,1.1196370535038407e-5
2024,80,company-80,Power,OilCap,MW,tCO2e/MWh,Global,27598238571,2.2361367680974224e-5
2024,81,company-81,Power,RenewablesCap,MW,tCO2e/MWh,Global,27350251736,7.650580952421059e-5
2024,82,company-82,Power,RenewablesCap,MW,tCO2e/MWh,Global,34045963977,1.9086185819241863e-5
2024,83,company-83,Power,HydroCap,MW,tCO2e/MWh,Global,10526126951,1.004901193505629e-5
2024,84,company-84,Power,GasCap,MW,tCO2e/MWh,Global,12019849976.5,3.59032489530374e-5
2024,84,company-84,Power,NuclearCap,MW,tCO2e/MWh,Global,20264142484,1.624104983550868e-5
2024,86,company-86,Power,CoalCap,MW,tCO2e/MWh,Global,12451086890,1.477678650560572e-5
2024,86,company-86,Power,GasCap,MW,tCO2e/MWh,Global,6712812741.333333,9.769635277322031e-5
2024,86,company-86,Power,NuclearCap,MW,tCO2e/MWh,Global,23656202963,1.084642942677028e-5
2024,87,company-87,Power,OilCap,MW,tCO2e/MWh,Global,15901510031,7.0831554498351e-6
2024,87,company-87,Power,RenewablesCap,MW,tCO2e/MWh,Global,44427371543,3.478368115230015e-6
2024,89,company-89,Power,CoalCap,MW,tCO2e/MWh,Global,37678113892,2.1884578799132964e-6
2024,89,company-89,Power,OilCap,MW,tCO2e/MWh,Global,29635921293,5.8227469845655736e-6
2024,89,company-89,Power,RenewablesCap,MW,tCO2e/MWh,Global,44861368291,1.8721480978595875e-5
2024,90,company-90,Power,CoalCap,MW,tCO2e/MWh,Global,23658794336,4.167601397952358e-5
2024,90,company-90,Power,GasCap,MW,tCO2e/MWh,Global,37247829702.333336,3.185167094665753e-4
2024,90,company-90,Power,RenewablesCap,MW,tCO2e/MWh,Global,42971382628,1.2008937833614748e-5
2024,91,company-91,Power,NuclearCap,MW,tCO2e/MWh,Global,26177266337,1.2808453720465257e-5
2024,92,company-92,Power,GasCap,MW,tCO2e/MWh,Global,32137912879.5,5.037811903523947e-6
2024,93,company-93,Power,CoalCap,MW,tCO2e/MWh,Global,4055033560,4.93201498247739e-6
2024,93,company-93,Power,GasCap,MW,tCO2e/MWh,Global,50017499317.5,2.8950235136741534e-6
2024,93,company-93,Power,HydroCap,MW,tCO2e/MWh,Global,4598079946,4.289380653986555e-5
2024,94,company-94,Power,RenewablesCap,MW,tCO2e/MWh,Global,11365396205,2.0578030397962686e-5
2024,95,company-95,Power,CoalCap,MW,tCO2e/MWh,Global,11305886888,6.8063791502903296e-6
2024,95,company-95,Power,HydroCap,MW,tCO2e/MWh,Global,9554118392.666668,2.0320516170596288e-5
2024,95,company-95,Power,NuclearCap,MW,tCO2e/MWh,Global,20623816227,5.116495294149244e-6
2024,96,company-96,Power,HydroCap,MW,tCO2e/MWh,Global,19920968938.5,6.827672309187976e-6
2024,96,company-96,Power,RenewablesCap,MW,tCO2e/MWh,Global,11570190018,2.904478178984317e-7
2024,97,company-97,Power,OilCap,MW,tCO2e/MWh,Global,26034298641,1.196075792255505e-5
2024,98,company-98,Power,OilCap,MW,tCO2e/MWh,Global,1166210179,1.557620998601117e-5
2024,99,company-99,Power,OilCap,MW,tCO2e/MWh,Global,62315990012.5,4.2215476496645826e-5
2024,100,company-100,Power,CoalCap,MW,tCO2e/MWh,Global,13145941273,3.26830462705157e-5
2024,100,company-100,Power,GasCap,MW,tCO2e/MWh,Global,23415491153.666668,5.919296386542827e-6
2024,100,company-100,Power,HydroCap,MW,tCO2e/MWh,Global,12993749596,1.8786123078215204e-5
2025,1,company-1,Power,HydroCap,MW,tCO2e/MWh,Global,9234930244,5.2678432521506325e-6
2025,2,company-2,Power,NuclearCap,MW,tCO2e/MWh,Global,42668225568.33333,2.192596119598889e-5
2025,3,company-3,Power,HydroCap,MW,tCO2e/MWh,Global,18649235634,1.4085756268307555e-5
2025,4,company-4,Power,GasCap,MW,tCO2e/MWh,Global,60018610108,3.052465547447187e-5
2025,4,company-4,Power,HydroCap,MW,tCO2e/MWh,Global,79382023598,2.1514241501495375e-4
2025,5,company-5,Power,OilCap,MW,tCO2e/MWh,Global,6662400667.5,9.875912263201654e-6
2025,6,company-6,Power,CoalCap,MW,tCO2e/MWh,Global,51246028319,3.8085436204538336e-5
2025,6,company-6,Power,NuclearCap,MW,tCO2e/MWh,Global,35558702316,5.5036512045141235e-6
2025,7,company-7,Power,RenewablesCap,MW,tCO2e/MWh,Global,35673246101,1.2866634493616803e-6
2025,8,company-8,Power,NuclearCap,MW,tCO2e/MWh,Global,20453887920,2.2073079934937074e-5
2025,9,company-9,Power,GasCap,MW,tCO2e/MWh,Global,12470406055,1.7456326817607905e-6
2025,9,company-9,Power,NuclearCap,MW,tCO2e/MWh,Global,49208343036,3.567192584193055e-5
2025,9,company-9,Power,OilCap,MW,tCO2e/MWh,Global,3864259660,7.2154519548485066e-6
2025,10,company-10,Power,CoalCap,MW,tCO2e/MWh,Global,11114670624.5,1.7542618029277948e-5
2025,10,company-10,Power,OilCap,MW,tCO2e/MWh,Global,22675081051,9.095607722315973e-6
2025,11,company-11,Power,GasCap,MW,tCO2e/MWh,Global,41217744104.5,1.919096853082304e-5
2025,11,company-11,Power,OilCap,MW,tCO2e/MWh,Global,30571081592,8.818301903961357e-5
2025,11,company-11,Power,RenewablesCap,MW,tCO2e/MWh,Global,1787078738,9.560737246207542e-6
2025,12,company-12,Power,HydroCap,MW,tCO2e/MWh,Global,11151907484.5,1.4114704425156277e-5
2025,13,company-13,Power,HydroCap,MW,tCO2e/MWh,Global,4382805589,1.990352125856461e-5
2025,13,company-13,Power,NuclearCap,MW,tCO2e/MWh,Global,36838522500,1.3094091139529423e-5
2025,14,company-14,Power,CoalCap,MW,tCO2e/MWh,Global,54177951793.5,4.050990156183153e-6
2025,14,company-14,Power,HydroCap,MW,tCO2e/MWh,Global,6743962957,2.0645446866332698e-5
2025,15,company-15,Power,OilCap,MW,tCO2e/MWh,Global,74066668603,8.673191278373106e-6
2025,16,company-16,Power,NuclearCap,MW,tCO2e/MWh,Global,86224024535,2.3812607526400672e-5
2025,17,company-17,Power,GasCap,MW,tCO2e/MWh,Global,11553573466,6.335409211693915e-6
2025,18,company-18,Power,GasCap,MW,tCO2e/MWh,Global,74773498122.33333,6.405534828547199e-5
2025,18,company-18,Power,HydroCap,MW,tCO2e/MWh,Global,35918559329,1.2038356220024661e-5
2025,18,company-18,Power,RenewablesCap,MW,tCO2e/MWh,Global,36269982946,5.053971719728911e-6
2025,20,company-20,Power,NuclearCap,MW,tCO2e/MWh,Global,34311792290,4.476790114736059e-6
2025,20,company-20,Power,RenewablesCap,MW,tCO2e/MWh,Global,14131963891,2.2629084000643575e-6
2025,21,company-21,Power,HydroCap,MW,tCO2e/MWh,Global,44592391439,1.6263782798737552e-7
2025,21,company-21,Power,OilCap,MW,tCO2e/MWh,Global,40222254432.66667,1.924708183112812e-5
2025,22,company-22,Power,GasCap,MW,tCO2e/MWh,Global,14259563865,9.720287679993032e-6
2025,22,company-22,Power,OilCap,MW,tCO2e/MWh,Global,9302236465,9.692634698694546e-6
2025,23,company-23,Power,NuclearCap,MW,tCO2e/MWh,Global,38171420597.5,1.2675046029047591e-5
2025,24,company-24,Power,GasCap,MW,tCO2e/MWh,Global,42798198292.666664,1.729265045892709e-5
2025,25,company-25,Power,GasCap,MW,tCO2e/MWh,Global,573727356,4.27896059190931e-6
2025,25,company-25,Power,NuclearCap,MW,tCO2e/MWh,Global,17363318359,8.570186335713207e-6
2025,26,company-26,Power,GasCap,MW,tCO2e/MWh,Global,22438494532,8.682991291309959e-6
2025,27,company-27,Power,GasCap,MW,tCO2e/MWh,Global,21177217166,3.5239528007764606e-5
2025,27,company-27,Power,NuclearCap,MW,tCO2e/MWh,Global,51000571878,3.7121496070189672e-6
2025,28,company-28,Power,NuclearCap,MW,tCO2e/MWh,Global,33122822847.5,6.989882702714204e-6
2025,29,company-29,Power,HydroCap,MW,tCO2e/MWh,Global,53077089285.666664,1.8156167883868036e-5
2025,29,company-29,Power,OilCap,MW,tCO2e/MWh,Global,156724307,2.4559044403785532e-5
2025,30,company-30,Power,CoalCap,MW,tCO2e/MWh,Global,30080196247,6.2254120783683676e-6
2025,31,company-31,Power,OilCap,MW,tCO2e/MWh,Global,37880061707,1.1505180204757785e-5
2025,31,company-31,Power,RenewablesCap,MW,tCO2e/MWh,Global,20720671715,2.0531922380155525e-5
2025,32,company-32,Power,GasCap,MW,tCO2e/MWh,Global,46796096267.5,1.788679118739802e-4
2025,32,company-32,Power,RenewablesCap,MW,tCO2e/MWh,Global,16337771788.5,2.8257232425517293e-5
2025,34,company-34,Power,GasCap,MW,tCO2e/MWh,Global,134326008652,1.1631733627440402e-5
2025,36,company-36,Power,HydroCap,MW,tCO2e/MWh,Global,21602040845,1.1273868857420227e-5
2025,36,company-36,Power,NuclearCap,MW,tCO2e/MWh,Global,24693770033.666668,8.655212465780029e-6
2025,37,company-37,Power,GasCap,MW,tCO2e/MWh,Global,32327503176,1.3333236616682186e-5
2025,37,company-37,Power,OilCap,MW,tCO2e/MWh,Global,65157282862.5,2.6103346970296486e-5
2025,39,company-39,Power,CoalCap,MW,tCO2e/MWh,Global,13387594297,1.7378236282633797e-6
2025,41,company-41,Power,GasCap,MW,tCO2e/MWh,Global,27484453173,2.508632367269834e-5
2025,41,company-41,Power,HydroCap,MW,tCO2e/MWh,Global,37416664044.5,2.3774930771799295e-5
2025,41,company-41,Power,OilCap,MW,tCO2e/MWh,Global,41620448063.33333,1.977078456768964e-5
2025,42,company-42,Power,CoalCap,MW,tCO2e/MWh,Global,42531667890,3.9362695445780086e-5
2025,43,company-43,Power,GasCap,MW,tCO2e/MWh,Global,41852657490.5,3.6722442859796743e-6
2025,43,company-43,Power,OilCap,MW,tCO2e/MWh,Global,23336451781.333336,1.1242529309478197e-5
2025,44,company-44,Power,GasCap,MW,tCO2e/MWh,Global,46646519306,2.0458765982712517e-5
2025,45,company-45,Power,NuclearCap,MW,tCO2e/MWh,Global,6463806696,8.724520237039244e-6
2025,46,company-46,Power,NuclearCap,MW,tCO2e/MWh,Global,45698956708.666664,3.7834720791723356e-5
2025,47,company-47,Power,CoalCap,MW,tCO2e/MWh,Global,38169753668,9.542702154086775e-6
2025,47,company-47,Power,RenewablesCap,MW,tCO2e/MWh,Global,8355297946,8.628852421271144e-5
2025,49,company-49,Power,NuclearCap,MW,tCO2e/MWh,Global,20163351110,9.41199738402484e-7
2025,49,company-49,Power,OilCap,MW,tCO2e/MWh,Global,3502699335,4.898483848986515e-7
2025,50,company-50,Power,HydroCap,MW,tCO2e/MWh,Global,27472271290,4.008627419279044e-6
2025,52,company-52,Power,CoalCap,MW,tCO2e/MWh,Global,25148650265,2.4665544081565827e-5
2025,52,company-52,Power,OilCap,MW,tCO2e/MWh,Global,38522897095.5,8.563844903032211e-6
2025,53,company-53,Power,CoalCap,MW,tCO2e/MWh,Global,14928156651,2.2106637441629356e-5
2025,54,company-54,Power,CoalCap,MW,tCO2e/MWh,Global,47779849429,3.622600578931742e-5
2025,55,company-55,Power,CoalCap,MW,tCO2e/MWh,Global,44718859447,2.880275551144325e-5
2025,56,company-56,Power,RenewablesCap,MW,tCO2e/MWh,Global,6116524626,7.441692622114694e-6
2025,57,company-57,Power,HydroCap,MW,tCO2e/MWh,Global,48911850406.5,2.2267302244487846e-5
2025,58,company-58,Power,OilCap,MW,tCO2e/MWh,Global,13429867947,1.4597379372243433e-5
2025,58,company-58,Power,RenewablesCap,MW,tCO2e/MWh,Global,21903797296,1.3837243345297278e-5
2025,59,company-59,Power,HydroCap,MW,tCO2e/MWh,Global,37789716478,4.410862954552278e-6
2025,59,company-59,Power,NuclearCap,MW,tCO2e/MWh,Global,29294539044,9.243000331875504e-6
2025,60,company-60,Power,CoalCap,MW,tCO2e/MWh,Global,9438496888,4.051265217257569e-6
2025,60,company-60,Power,GasCap,MW,tCO2e/MWh,Global,49411155397,1.5415093297053216e-5
2025,61,company-61,Power,NuclearCap,MW,tCO2e/MWh,Global,25983735203.833332,1.269160390932538e-6
2025,62,company-62,Power,NuclearCap,MW,tCO2e/MWh,Global,6123252159,1.855942584473635e-5
2025,62,company-62,Power,OilCap,MW,tCO2e/MWh,Global,24780502483.5,2.9115827860711984e-5
2025,63,company-63,Power,GasCap,MW,tCO2e/MWh,Global,50075744341,5.023730802588742e-6
2025,64,company-64,Power,HydroCap,MW,tCO2e/MWh,Global,11312996638,3.006326860727948e-6
2025,65,company-65,Power,CoalCap,MW,tCO2e/MWh,Global,12254432182,5.951615729758597e-6
2025,65,company-65,Power,RenewablesCap,MW,tCO2e/MWh,Global,57607661690,1.0554158447287443e-4
2025,66,company-66,Power,CoalCap,MW,tCO2e/MWh,Global,12386572169,5.8104433494444454e-5
2025,66,company-66,Power,GasCap,MW,tCO2e/MWh,Global,104810134972,2.215159710591886e-5
2025,66,company-66,Power,NuclearCap,MW,tCO2e/MWh,Global,48646541298.5,4.523457471275302e-5
2025,67,company-67,Power,OilCap,MW,tCO2e/MWh,Global,16817355091,8.844895752176941e-6
2025,68,company-68,Power,GasCap,MW,tCO2e/MWh,Global,30203491609,7.704467278384156e-6
2025,68,company-68,Power,NuclearCap,MW,tCO2e/MWh,Global,9137814056,1.1329558119023034e-5
2025,69,company-69,Power,CoalCap,MW,tCO2e/MWh,Global,2888080095,8.712324202584246e-7
2025,69,company-69,Power,RenewablesCap,MW,tCO2e/MWh,Global,14240367050,5.967081644138582e-6
2025,70,company-70,Power,OilCap,MW,tCO2e/MWh,Global,43019001392,1.8046060220612774e-6
2025,71,company-71,Power,GasCap,MW,tCO2e/MWh,Global,56601789670,7.061181385464262e-6
2025,71,company-71,Power,RenewablesCap,MW,tCO2e/MWh,Global,42623931993,1.1797634090337162e-6
2025,72,company-72,Power,HydroCap,MW,tCO2e/MWh,Global,21113067627,8.462734317114367e-6
2025,72,company-72,Power,NuclearCap,MW,tCO2e/MWh,Global,60761840409.666664,8.167383028854758e-6
2025,74,company-74,Power,HydroCap,MW,tCO2e/MWh,Global,70028000771,9.330992043212618e-6
2025,74,company-74,Power,RenewablesCap,MW,tCO2e/MWh,Global,10903778322,4.390940881504746e-6
2025,75,company-75,Power,OilCap,MW,tCO2e/MWh,Global,2835404268,1.2771206486172392e-5
2025,76,company-76,Power,GasCap,MW,tCO2e/MWh,Global,84136113816.83334,9.119669038711866e-5
2025,76,company-76,Power,OilCap,MW,tCO2e/MWh,Global,28170763144,2.1198092374165083e-5
2025,77,company-77,Power,CoalCap,MW,tCO2e/MWh,Global,53106548058,3.974872544102215e-6
2025,77,company-77,Power,HydroCap,MW,tCO2e/MWh,Global,26899573484.000004,1.0490247505825533e-5
2025,77,company-77,Power,RenewablesCap,MW,tCO2e/MWh,Global,37517288959,1.1912970742966666e-5
2025,78,company-78,Power,OilCap,MW,tCO2e/MWh,Global,31602550553,8.460539072459982e-6
2025,79,company-79,Power,RenewablesCap,MW,tCO2e/MWh,Global,51771141465,1.8625890723541984e-5
2025,80,company-80,Power,GasCap,MW,tCO2e/MWh,Global,62255414104.5,1.904055411666985e-5
2025,80,company-80,Power,OilCap,MW,tCO2e/MWh,Global,14083825604.5,1.3106314144850811e-5
2025,81,company-81,Power,RenewablesCap,MW,tCO2e/MWh,Global,20303008682.5,3.760244160990467e-4
2025,82,company-82,Power,RenewablesCap,MW,tCO2e/MWh,Global,23531721928,4.378675016871802e-6
2025,83,company-83,Power,HydroCap,MW,tCO2e/MWh,Global,13650201757,1.3260858496087526e-5
2025,84,company-84,Power,GasCap,MW,tCO2e/MWh,Global,14460122744,7.22316899235747e-5
2025,84,company-84,Power,NuclearCap,MW,tCO2e/MWh,Global,26835156666,3.560629858214658e-5
2025,86,company-86,Power,CoalCap,MW,tCO2e/MWh,Global,5786864431,9.773869432788779e-6
2025,86,company-86,Power,GasCap,MW,tCO2e/MWh,Global,20855489202,2.309419792679802e-5
2025,86,company-86,Power,NuclearCap,MW,tCO2e/MWh,Global,57814695093,5.304192597473966e-6
2025,87,company-87,Power,OilCap,MW,tCO2e/MWh,Global,12889060786,1.1267147743337059e-5
2025,87,company-87,Power,RenewablesCap,MW,tCO2e/MWh,Global,43794922780.5,6.3027465992771085e-6
2025,89,company-89,Power,CoalCap,MW,tCO2e/MWh,Global,40752723006,3.0807210902946405e-5
2025,89,company-89,Power,OilCap,MW,tCO2e/MWh,Global,72843102866,8.958506569499687e-6
2025,89,company-89,Power,RenewablesCap,MW,tCO2e/MWh,Global,73814822580.5,1.5116730625067282e-5
2025,90,company-90,Power,CoalCap,MW,tCO2e/MWh,Global,33817076615,3.06543989310187e-5
2025,90,company-90,Power,GasCap,MW,tCO2e/MWh,Global,68891585007.66667,6.997639493715784e-5
2025,90,company-90,Power,RenewablesCap,MW,tCO2e/MWh,Global,52299718985,1.0997305053605757e-5
2025,91,company-91,Power,NuclearCap,MW,tCO2e/MWh,Global,7059272072,6.39045678277646e-6
2025,92,company-92,Power,GasCap,MW,tCO2e/MWh,Global,4245277842,2.2660980692943645e-5
2025,93,company-93,Power,CoalCap,MW,tCO2e/MWh,Global,6388812048.5,3.1542503516519065e-5
2025,93,company-93,Power,GasCap,MW,tCO2e/MWh,Global,56703995271.5,2.365323886315041e-5
2025,93,company-93,Power,HydroCap,MW,tCO2e/MWh,Global,2165306427,4.7973597200815936e-5
2025,94,company-94,Power,RenewablesCap,MW,tCO2e/MWh,Global,23875573736,3.64272564480296e-5
2025,95,company-95,Power,CoalCap,MW,tCO2e/MWh,Global,19046319612,4.918077126617537e-6
2025,95,company-95,Power,HydroCap,MW,tCO2e/MWh,Global,5784578989.333334,1.2141100191444997e-5
2025,95,company-95,Power,NuclearCap,MW,tCO2e/MWh,Global,18566721409,4.7123617625521104e-6
2025,96,company-96,Power,HydroCap,MW,tCO2e/MWh,Global,10680390838,6.4850953182079205e-6
2025,96,company-96,Power,RenewablesCap,MW,tCO2e/MWh,Global,13007726734,3.6982755635882555e-7
2025,97,company-97,Power,OilCap,MW,tCO2e/MWh,Global,19208058200.5,1.0263767151092854e-5
2025,98,company-98,Power,OilCap,MW,tCO2e/MWh,Global,3552827553,2.612783758257554e-5
2025,99,company-99,Power,OilCap,MW,tCO2e/MWh,Global,41877157829,1.0358602075834997e-5
2025,100,company-100,Power,CoalCap,MW,tCO2e/MWh,Global,22692722404,1.611624858387606e-5
2025,100,company-100,Power,GasCap,MW,tCO2e/MWh,Global,44107837890.333336,1.0473205025569574e-5
2025,100,company-100,Power,HydroCap,MW,tCO2e/MWh,Global,7707466285,1.0091451875201161e-5
2026,1,company-1,Power,HydroCap,MW,tCO2e/MWh,Global,13409123272,5.2678432521506325e-6
2026,2,company-2,Power,NuclearCap,MW,tCO2e/MWh,Global,26666981370,2.165243131833605e-5
2026,3,company-3,Power,HydroCap,MW,tCO2e/MWh,Global,28585349892,7.789807106655963e-6
2026,4,company-4,Power,GasCap,MW,tCO2e/MWh,Global,53402341103,2.4533927070738086e-5
2026,4,company-4,Power,HydroCap,MW,tCO2e/MWh,Global,38602526067,1.1801092484859088e-4
2026,5,company-5,Power,OilCap,MW,tCO2e/MWh,Global,2209478273,3.2516168463859135e-6
2026,6,company-6,Power,CoalCap,MW,tCO2e/MWh,Global,94139744791,3.0947929500217755e-5
2026,6,company-6,Power,NuclearCap,MW,tCO2e/MWh,Global,16745923317,1.2370818256182707e-5
2026,7,company-7,Power,RenewablesCap,MW,tCO2e/MWh,Global,3526854190,9.184951520770196e-7
2026,8,company-8,Power,NuclearCap,MW,tCO2e/MWh,Global,667560961,1.0045802072235267e-4
2026,9,company-9,Power,GasCap,MW,tCO2e/MWh,Global,31317458966,1.107055834745867e-5
2026,9,company-9,Power,NuclearCap,MW,tCO2e/MWh,Global,42874510929,1.873021806145231e-5
2026,9,company-9,Power,OilCap,MW,tCO2e/MWh,Global,3864259660,8.661470675433657e-6
2026,10,company-10,Power,CoalCap,MW,tCO2e/MWh,Global,20253973592,7.62010822015993e-7
2026,10,company-10,Power,OilCap,MW,tCO2e/MWh,Global,18614857325,1.6830261890666688e-5
2026,11,company-11,Power,GasCap,MW,tCO2e/MWh,Global,31234747801,4.6095645960783275e-5
2026,11,company-11,Power,OilCap,MW,tCO2e/MWh,Global,44275118759,1.9543125816893913e-5
2026,11,company-11,Power,RenewablesCap,MW,tCO2e/MWh,Global,16998499748,4.225171565773744e-6
2026,12,company-12,Power,HydroCap,MW,tCO2e/MWh,Global,9158591157,2.5366818096128195e-5
2026,13,company-13,Power,HydroCap,MW,tCO2e/MWh,Global,5128800173,1.7659674450645514e-5
2026,13,company-13,Power,NuclearCap,MW,tCO2e/MWh,Global,42255648128,8.85466030420547e-6
2026,14,company-14,Power,CoalCap,MW,tCO2e/MWh,Global,28146060468,1.8732974320064342e-5
2026,14,company-14,Power,HydroCap,MW,tCO2e/MWh,Global,6743962957,1.7799636841287408e-5
2026,15,company-15,Power,OilCap,MW,tCO2e/MWh,Global,35508843249,1.5191915491453319e-5
2026,16,company-16,Power,NuclearCap,MW,tCO2e/MWh,Global,54402035659,2.154100032950953e-5
2026,17,company-17,Power,GasCap,MW,tCO2e/MWh,Global,1048624914,3.583011410935166e-6
2026,18,company-18,Power,GasCap,MW,tCO2e/MWh,Global,34337137852,3.335011880338111e-5
2026,18,company-18,Power,HydroCap,MW,tCO2e/MWh,Global,43739351086,2.5756550573372384e-5
2026,18,company-18,Power,RenewablesCap,MW,tCO2e/MWh,Global,58596307824,9.249264842720074e-6
2026,20,company-20,Power,NuclearCap,MW,tCO2e/MWh,Global,24512534956,1.8311629325051152e-5
2026,20,company-20,Power,RenewablesCap,MW,tCO2e/MWh,Global,7638670153,1.0974408535060167e-5
2026,21,company-21,Power,HydroCap,MW,tCO2e/MWh,Global,51798258335,1.8187122963351873e-5
2026,21,company-21,Power,OilCap,MW,tCO2e/MWh,Global,36904488606,7.747605192369875e-6
2026,22,company-22,Power,GasCap,MW,tCO2e/MWh,Global,6362326993,2.969294324141231e-5
2026,22,company-22,Power,OilCap,MW,tCO2e/MWh,Global,881111473,1.1383217032817198e-5
2026,23,company-23,Power,NuclearCap,MW,tCO2e/MWh,Global,61099706192,2.959428285635381e-6
2026,24,company-24,Power,GasCap,MW,tCO2e/MWh,Global,37899490711,5.006649556016526e-6
2026,25,company-25,Power,GasCap,MW,tCO2e/MWh,Global,3065163214,1.0434934549329813e-5
2026,25,company-25,Power,NuclearCap,MW,tCO2e/MWh,Global,24557390572,1.2775898317431959e-5
2026,26,company-26,Power,GasCap,MW,tCO2e/MWh,Global,33806587259,2.9032224228914607e-5
2026,27,company-27,Power,GasCap,MW,tCO2e/MWh,Global,52419655278,3.5239528007764606e-5
2026,27,company-27,Power,NuclearCap,MW,tCO2e/MWh,Global,19058360605,1.8049984049331823e-5
2026,28,company-28,Power,NuclearCap,MW,tCO2e/MWh,Global,39462284450,8.989762897614012e-5
2026,29,company-29,Power,HydroCap,MW,tCO2e/MWh,Global,42792220807,1.1209882198329283e-5
2026,29,company-29,Power,OilCap,MW,tCO2e/MWh,Global,4926611624,7.485895462322446e-5
2026,30,company-30,Power,CoalCap,MW,tCO2e/MWh,Global,34107386763,8.434790487840605e-6
2026,31,company-31,Power,OilCap,MW,tCO2e/MWh,Global,57246745010,1.2696471407596398e-5
2026,31,company-31,Power,RenewablesCap,MW,tCO2e/MWh,Global,11523296121,3.490377553020036e-5
2026,32,company-32,Power,GasCap,MW,tCO2e/MWh,Global,18716661701,2.3508419879817187e-5
2026,32,company-32,Power,RenewablesCap,MW,tCO2e/MWh,Global,14167379745,2.9469253377343458e-5
2026,34,company-34,Power,GasCap,MW,tCO2e/MWh,Global,112187817086,5.941676240840419e-6
2026,36,company-36,Power,HydroCap,MW,tCO2e/MWh,Global,18888550807,2.5992575870307638e-5
2026,36,company-36,Power,NuclearCap,MW,tCO2e/MWh,Global,6537202349,1.33648047568646e-5
2026,37,company-37,Power,GasCap,MW,tCO2e/MWh,Global,13115982198,5.926555182931247e-5
2026,37,company-37,Power,OilCap,MW,tCO2e/MWh,Global,134619843717,2.658640768221112e-5
2026,39,company-39,Power,CoalCap,MW,tCO2e/MWh,Global,27357611481,6.736702282819085e-6
2026,41,company-41,Power,GasCap,MW,tCO2e/MWh,Global,27484453173,3.9153202809170495e-5
2026,41,company-41,Power,HydroCap,MW,tCO2e/MWh,Global,32941998825,1.3465633986448811e-5
2026,41,company-41,Power,OilCap,MW,tCO2e/MWh,Global,35809135495,4.1268701734547385e-6
2026,42,company-42,Power,CoalCap,MW,tCO2e/MWh,Global,28655217882,7.000552730988505e-5
2026,43,company-43,Power,GasCap,MW,tCO2e/MWh,Global,101413235946,3.5191142866977365e-5
2026,43,company-43,Power,OilCap,MW,tCO2e/MWh,Global,23909743785,1.706301660840419e-5
2026,44,company-44,Power,GasCap,MW,tCO2e/MWh,Global,32822461815,1.21422028168568e-5
2026,45,company-45,Power,NuclearCap,MW,tCO2e/MWh,Global,2116724985,3.2063738696446745e-5
2026,46,company-46,Power,NuclearCap,MW,tCO2e/MWh,Global,22614147635,9.024417309080462e-6
2026,47,company-47,Power,CoalCap,MW,tCO2e/MWh,Global,20051096767,2.2560142014194926e-5
2026,47,company-47,Power,RenewablesCap,MW,tCO2e/MWh,Global,10358823226,1.8529997575824367e-5
2026,49,company-49,Power,NuclearCap,MW,tCO2e/MWh,Global,22978104869,4.570300141974212e-6
2026,49,company-49,Power,OilCap,MW,tCO2e/MWh,Global,9265952475,2.211745867830161e-6
2026,50,company-50,Power,HydroCap,MW,tCO2e/MWh,Global,32779835537,4.02445551287553e-5
2026,52,company-52,Power,CoalCap,MW,tCO2e/MWh,Global,18196366948,3.2247598732380506e-6
2026,52,company-52,Power,OilCap,MW,tCO2e/MWh,Global,83106433407,2.8634482373115805e-4
2026,53,company-53,Power,CoalCap,MW,tCO2e/MWh,Global,35289097542,8.634592704731676e-6
2026,54,company-54,Power,CoalCap,MW,tCO2e/MWh,Global,44583160486,4.383790883270294e-5
2026,55,company-55,Power,CoalCap,MW,tCO2e/MWh,Global,44718859447,1.3644244799159376e-5
2026,56,company-56,Power,RenewablesCap,MW,tCO2e/MWh,Global,11718534492,4.647515478737872e-6
2026,57,company-57,Power,HydroCap,MW,tCO2e/MWh,Global,66259229161,1.1231236281023965e-5
2026,58,company-58,Power,OilCap,MW,tCO2e/MWh,Global,22441501990,8.232419291833523e-6
2026,58,company-58,Power,RenewablesCap,MW,tCO2e/MWh,Global,45133162314,1.613247857540667e-6
2026,59,company-59,Power,HydroCap,MW,tCO2e/MWh,Global,65796825060,1.2052174454616842e-5
2026,59,company-59,Power,NuclearCap,MW,tCO2e/MWh,Global,63225991078,4.052108808229745e-5
2026,60,company-60,Power,CoalCap,MW,tCO2e/MWh,Global,9438496888,3.935679334943044e-6
2026,60,company-60,Power,GasCap,MW,tCO2e/MWh,Global,56093536584,3.852530287402065e-6
2026,61,company-61,Power,NuclearCap,MW,tCO2e/MWh,Global,59644019430,5.2167356748455427e-05
2026,62,company-62,Power,NuclearCap,MW,tCO2e/MWh,Global,6123252159,6.388814805608673e-6
2026,62,company-62,Power,OilCap,MW,tCO2e/MWh,Global,49512161744,5.058778768822385e-6
2026,63,company-63,Power,GasCap,MW,tCO2e/MWh,Global,40725149273,1.902556282885313e-5
2026,64,company-64,Power,HydroCap,MW,tCO2e/MWh,Global,71728110750,6.847533221483338e-6
2026,65,company-65,Power,CoalCap,MW,tCO2e/MWh,Global,5194559278,4.661833727819789e-6
2026,65,company-65,Power,RenewablesCap,MW,tCO2e/MWh,Global,68878932752,4.679613178233968e-6
2026,66,company-66,Power,CoalCap,MW,tCO2e/MWh,Global,14495986984,3.800405682552534e-5
2026,66,company-66,Power,GasCap,MW,tCO2e/MWh,Global,19927640223,8.125219392145748e-6
2026,66,company-66,Power,NuclearCap,MW,tCO2e/MWh,Global,79069868048,4.204525347382787e-5
2026,67,company-67,Power,OilCap,MW,tCO2e/MWh,Global,10974306273,1.224843186415089e-5
2026,68,company-68,Power,GasCap,MW,tCO2e/MWh,Global,62987695979,2.3711217277338046e-5
2026,68,company-68,Power,NuclearCap,MW,tCO2e/MWh,Global,44745625009,5.8585660384112565e-6
2026,69,company-69,Power,CoalCap,MW,tCO2e/MWh,Global,3353318196,6.653303962245221e-8
2026,69,company-69,Power,RenewablesCap,MW,tCO2e/MWh,Global,16475447936,3.981109523071073e-5
2026,70,company-70,Power,OilCap,MW,tCO2e/MWh,Global,66115928189,1.545766922025849e-5
2026,71,company-71,Power,GasCap,MW,tCO2e/MWh,Global,3890961525,1.7368543486967447e-5
2026,71,company-71,Power,RenewablesCap,MW,tCO2e/MWh,Global,38388878209,7.583846995386377e-6
2026,72,company-72,Power,HydroCap,MW,tCO2e/MWh,Global,79969803372,9.910893726428435e-6
2026,72,company-72,Power,NuclearCap,MW,tCO2e/MWh,Global,50188986364,4.638977811540916e-6
2026,74,company-74,Power,HydroCap,MW,tCO2e/MWh,Global,46625335113,1.0218196904243976e-5
2026,74,company-74,Power,RenewablesCap,MW,tCO2e/MWh,Global,18688248920,1.6255267382426017e-5
2026,75,company-75,Power,OilCap,MW,tCO2e/MWh,Global,3023333521,1.4941402447196002e-5
2026,76,company-76,Power,GasCap,MW,tCO2e/MWh,Global,52169515493,2.3375016148205935e-4
2026,76,company-76,Power,OilCap,MW,tCO2e/MWh,Global,10369344725,3.316914887262626e-5
2026,77,company-77,Power,CoalCap,MW,tCO2e/MWh,Global,55983847003,3.87607963649589e-6
2026,77,company-77,Power,HydroCap,MW,tCO2e/MWh,Global,16496658130,2.6393901126933536e-5
2026,77,company-77,Power,RenewablesCap,MW,tCO2e/MWh,Global,15530073375,1.4711102951765408e-5
2026,78,company-78,Power,OilCap,MW,tCO2e/MWh,Global,85578501661,5.106217200204924e-6
2026,79,company-79,Power,RenewablesCap,MW,tCO2e/MWh,Global,51595058747,1.5765482115214966e-4
2026,80,company-80,Power,GasCap,MW,tCO2e/MWh,Global,96926256558,1.8637049113508756e-5
2026,80,company-80,Power,OilCap,MW,tCO2e/MWh,Global,10008876845,6.995445999239747e-5
2026,81,company-81,Power,RenewablesCap,MW,tCO2e/MWh,Global,24042996640,1.2490444205265558e-5
2026,82,company-82,Power,RenewablesCap,MW,tCO2e/MWh,Global,33208591812,1.2524284829526907e-5
2026,83,company-83,Power,HydroCap,MW,tCO2e/MWh,Global,11463761578,3.7074689643526704e-6
2026,84,company-84,Power,GasCap,MW,tCO2e/MWh,Global,56308616540,1.4684503412074252e-6
2026,84,company-84,Power,NuclearCap,MW,tCO2e/MWh,Global,10807327344,9.173633524158303e-6
2026,86,company-86,Power,CoalCap,MW,tCO2e/MWh,Global,5786864431,1.0734108022134026e-5
2026,86,company-86,Power,GasCap,MW,tCO2e/MWh,Global,28843059532,2.142135293356956e-5
2026,86,company-86,Power,NuclearCap,MW,tCO2e/MWh,Global,23319632650,3.963392011458557e-6
2026,87,company-87,Power,OilCap,MW,tCO2e/MWh,Global,23699766701,2.014279826456904e-5
2026,87,company-87,Power,RenewablesCap,MW,tCO2e/MWh,Global,21027894627,1.4788105978068889e-5
2026,89,company-89,Power,CoalCap,MW,tCO2e/MWh,Global,47398142920,2.589240196167842e-5
2026,89,company-89,Power,OilCap,MW,tCO2e/MWh,Global,40590936092,2.341647142821335e-5
2026,89,company-89,Power,RenewablesCap,MW,tCO2e/MWh,Global,74163591944,6.830970647494701e-6
2026,90,company-90,Power,CoalCap,MW,tCO2e/MWh,Global,28778234667,2.5873444249315866e-5
2026,90,company-90,Power,GasCap,MW,tCO2e/MWh,Global,41617365287,1.465525123332762e-5
2026,90,company-90,Power,RenewablesCap,MW,tCO2e/MWh,Global,31819073208,3.071406465413609e-5
2026,91,company-91,Power,NuclearCap,MW,tCO2e/MWh,Global,10763792521,2.6067922892175177e-5
2026,92,company-92,Power,GasCap,MW,tCO2e/MWh,Global,4245277842,9.791182431659022e-5
2026,93,company-93,Power,CoalCap,MW,tCO2e/MWh,Global,8722590537,1.5116484477512584e-6
2026,93,company-93,Power,GasCap,MW,tCO2e/MWh,Global,104581318579,8.682530261624816e-5
2026,93,company-93,Power,HydroCap,MW,tCO2e/MWh,Global,27733204969,1.2206344255326908e-4
2026,94,company-94,Power,RenewablesCap,MW,tCO2e/MWh,Global,10047418242,2.7590786983064713e-6
2026,95,company-95,Power,CoalCap,MW,tCO2e/MWh,Global,5435903236,9.497288177311514e-6
2026,95,company-95,Power,HydroCap,MW,tCO2e/MWh,Global,2015039586,2.1969495212781657e-6
2026,95,company-95,Power,NuclearCap,MW,tCO2e/MWh,Global,26076570251,1.0657858087106082e-5
2026,96,company-96,Power,HydroCap,MW,tCO2e/MWh,Global,31350856027,1.9239726378243704e-6
2026,96,company-96,Power,RenewablesCap,MW,tCO2e/MWh,Global,11311776863,3.8956672155963015e-7
2026,97,company-97,Power,OilCap,MW,tCO2e/MWh,Global,12194925233,1.124987343077161e-5
2026,98,company-98,Power,OilCap,MW,tCO2e/MWh,Global,3552827553,1.4980893315224977e-5
2026,99,company-99,Power,OilCap,MW,tCO2e/MWh,Global,22963586421,1.9333471175417756e-5
2026,100,company-100,Power,CoalCap,MW,tCO2e/MWh,Global,28890805157,2.640837922937696e-5
2026,100,company-100,Power,GasCap,MW,tCO2e/MWh,Global,53413496374,1.855226074026648e-5
2026,100,company-100,Power,HydroCap,MW,tCO2e/MWh,Global,26685005616,1.1114218888378084e-5
2027,1,company-1,Power,HydroCap,MW,tCO2e/MWh,Global,13409123272,5.2678432521506325e-6
2027,2,company-2,Power,NuclearCap,MW,tCO2e/MWh,Global,26666981370,2.165243131833605e-5
2027,3,company-3,Power,HydroCap,MW,tCO2e/MWh,Global,28585349892,7.789807106655963e-6
2027,4,company-4,Power,GasCap,MW,tCO2e/MWh,Global,53402341103,2.4533927070738086e-5
2027,4,company-4,Power,HydroCap,MW,tCO2e/MWh,Global,38602526067,1.1801092484859088e-4
2027,5,company-5,Power,OilCap,MW,tCO2e/MWh,Global,2209478273,3.2516168463859135e-6
2027,6,company-6,Power,CoalCap,MW,tCO2e/MWh,Global,94139744791,3.0947929500217755e-5
2027,6,company-6,Power,NuclearCap,MW,tCO2e/MWh,Global,16745923317,1.2370818256182707e-5
2027,7,company-7,Power,RenewablesCap,MW,tCO2e/MWh,Global,3526854190,9.184951520770196e-7
2027,8,company-8,Power,NuclearCap,MW,tCO2e/MWh,Global,667560961,1.0045802072235267e-4
2027,9,company-9,Power,GasCap,MW,tCO2e/MWh,Global,31317458966,1.107055834745867e-5
2027,9,company-9,Power,NuclearCap,MW,tCO2e/MWh,Global,42874510929,1.873021806145231e-5
2027,9,company-9,Power,OilCap,MW,tCO2e/MWh,Global,3864259660,8.661470675433657e-6
2027,10,company-10,Power,CoalCap,MW,tCO2e/MWh,Global,20253973592,7.62010822015993e-7
2027,10,company-10,Power,OilCap,MW,tCO2e/MWh,Global,18614857325,1.6830261890666688e-5
2027,11,company-11,Power,GasCap,MW,tCO2e/MWh,Global,31234747801,4.6095645960783275e-5
2027,11,company-11,Power,OilCap,MW,tCO2e/MWh,Global,44275118759,1.9543125816893913e-5
2027,11,company-11,Power,RenewablesCap,MW,tCO2e/MWh,Global,16998499748,4.225171565773744e-6
2027,12,company-12,Power,HydroCap,MW,tCO2e/MWh,Global,9158591157,2.5366818096128195e-5
2027,13,company-13,Power,HydroCap,MW,tCO2e/MWh,Global,5128800173,1.7659674450645514e-5
2027,13,company-13,Power,NuclearCap,MW,tCO2e/MWh,Global,42255648128,8.85466030420547e-6
2027,14,company-14,Power,CoalCap,MW,tCO2e/MWh,Global,28146060468,1.8732974320064342e-5
2027,14,company-14,Power,HydroCap,MW,tCO2e/MWh,Global,6743962957,1.7799636841287408e-5
2027,15,company-15,Power,OilCap,MW,tCO2e/MWh,Global,35508843249,1.5191915491453319e-5
2027,16,company-16,Power,NuclearCap,MW,tCO2e/MWh,Global,54402035659,2.154100032950953e-5
2027,17,company-17,Power,GasCap,MW,tCO2e/MWh,Global,1048624914,3.583011410935166e-6
2027,18,company-18,Power,GasCap,MW,tCO2e/MWh,Global,34337137852,3.335011880338111e-5
2027,18,company-18,Power,HydroCap,MW,tCO2e/MWh,Global,43739351086,2.5756550573372384e-5
2027,18,company-18,Power,RenewablesCap,MW,tCO2e/MWh,Global,58596307824,9.249264842720074e-6
2027,20,company-20,Power,NuclearCap,MW,tCO2e/MWh,Global,24512534956,1.8311629325051152e-5
2027,20,company-20,Power,RenewablesCap,MW,tCO2e/MWh,Global,7638670153,1.0974408535060167e-5
2027,21,company-21,Power,HydroCap,MW,tCO2e/MWh,Global,51798258335,1.8187122963351873e-5
2027,21,company-21,Power,OilCap,MW,tCO2e/MWh,Global,36904488606,7.747605192369875e-6
2027,22,company-22,Power,GasCap,MW,tCO2e/MWh,Global,6362326993,2.969294324141231e-5
2027,22,company-22,Power,OilCap,MW,tCO2e/MWh,Global,881111473,1.1383217032817198e-5
2027,23,company-23,Power,NuclearCap,MW,tCO2e/MWh,Global,61099706192,2.959428285635381e-6
2027,24,company-24,Power,GasCap,MW,tCO2e/MWh,Global,37899490711,5.006649556016526e-6
2027,25,company-25,Power,GasCap,MW,tCO2e/MWh,Global,3065163214,1.0434934549329813e-5
2027,25,company-25,Power,NuclearCap,MW,tCO2e/MWh,Global,24557390572,1.2775898317431959e-5
2027,26,company-26,Power,GasCap,MW,tCO2e/MWh,Global,33806587259,2.9032224228914607e-5
2027,27,company-27,Power,GasCap,MW,tCO2e/MWh,Global,52419655278,3.5239528007764606e-5
2027,27,company-27,Power,NuclearCap,MW,tCO2e/MWh,Global,19058360605,1.8049984049331823e-5
2027,28,company-28,Power,NuclearCap,MW,tCO2e/MWh,Global,39462284450,8.989762897614012e-5
2027,29,company-29,Power,HydroCap,MW,tCO2e/MWh,Global,42792220807,1.1209882198329283e-5
2027,29,company-29,Power,OilCap,MW,tCO2e/MWh,Global,4926611624,7.485895462322446e-5
2027,30,company-30,Power,CoalCap,MW,tCO2e/MWh,Global,34107386763,8.434790487840605e-6
2027,31,company-31,Power,OilCap,MW,tCO2e/MWh,Global,57246745010,1.2696471407596398e-5
2027,31,company-31,Power,RenewablesCap,MW,tCO2e/MWh,Global,11523296121,3.490377553020036e-5
2027,32,company-32,Power,GasCap,MW,tCO2e/MWh,Global,18716661701,2.3508419879817187e-5
2027,32,company-32,Power,RenewablesCap,MW,tCO2e/MWh,Global,14167379745,2.9469253377343458e-5
2027,34,company-34,Power,GasCap,MW,tCO2e/MWh,Global,112187817086,5.941676240840419e-6
2027,36,company-36,Power,HydroCap,MW,tCO2e/MWh,Global,18888550807,2.5992575870307638e-5
2027,36,company-36,Power,NuclearCap,MW,tCO2e/MWh,Global,6537202349,1.33648047568646e-5
2027,37,company-37,Power,GasCap,MW,tCO2e/MWh,Global,13115982198,5.926555182931247e-5
2027,37,company-37,Power,OilCap,MW,tCO2e/MWh,Global,134619843717,2.658640768221112e-5
2027,39,company-39,Power,CoalCap,MW,tCO2e/MWh,Global,27357611481,6.736702282819085e-6
2027,41,company-41,Power,GasCap,MW,tCO2e/MWh,Global,27484453173,3.9153202809170495e-5
2027,41,company-41,Power,HydroCap,MW,tCO2e/MWh,Global,32941998825,1.3465633986448811e-5
2027,41,company-41,Power,OilCap,MW,tCO2e/MWh,Global,35809135495,4.1268701734547385e-6
2027,42,company-42,Power,CoalCap,MW,tCO2e/MWh,Global,28655217882,7.000552730988505e-5
2027,43,company-43,Power,GasCap,MW,tCO2e/MWh,Global,101413235946,3.5191142866977365e-5
2027,43,company-43,Power,OilCap,MW,tCO2e/MWh,Global,23909743785,1.706301660840419e-5
2027,44,company-44,Power,GasCap,MW,tCO2e/MWh,Global,32822461815,1.21422028168568e-5
2027,45,company-45,Power,NuclearCap,MW,tCO2e/MWh,Global,2116724985,3.2063738696446745e-5
2027,46,company-46,Power,NuclearCap,MW,tCO2e/MWh,Global,22614147635,9.024417309080462e-6
2027,47,company-47,Power,CoalCap,MW,tCO2e/MWh,Global,20051096767,2.2560142014194926e-5
2027,47,company-47,Power,RenewablesCap,MW,tCO2e/MWh,Global,10358823226,1.8529997575824367e-5
2027,49,company-49,Power,NuclearCap,MW,tCO2e/MWh,Global,22978104869,4.570300141974212e-6
2027,49,company-49,Power,OilCap,MW,tCO2e/MWh,Global,9265952475,2.211745867830161e-6
2027,50,company-50,Power,HydroCap,MW,tCO2e/MWh,Global,32779835537,4.02445551287553e-5
2027,52,company-52,Power,CoalCap,MW,tCO2e/MWh,Global,18196366948,3.2247598732380506e-6
2027,52,company-52,Power,OilCap,MW,tCO2e/MWh,Global,83106433407,2.8634482373115805e-4
2027,53,company-53,Power,CoalCap,MW,tCO2e/MWh,Global,35289097542,8.634592704731676e-6
2027,54,company-54,Power,CoalCap,MW,tCO2e/MWh,Global,44583160486,4.383790883270294e-5
2027,55,company-55,Power,CoalCap,MW,tCO2e/MWh,Global,44718859447,1.3644244799159376e-5
2027,56,company-56,Power,RenewablesCap,MW,tCO2e/MWh,Global,11718534492,4.647515478737872e-6
2027,57,company-57,Power,HydroCap,MW,tCO2e/MWh,Global,66259229161,1.1231236281023965e-5
2027,58,company-58,Power,OilCap,MW,tCO2e/MWh,Global,22441501990,8.232419291833523e-6
2027,58,company-58,Power,RenewablesCap,MW,tCO2e/MWh,Global,45133162314,1.613247857540667e-6
2027,59,company-59,Power,HydroCap,MW,tCO2e/MWh,Global,65796825060,1.2052174454616842e-5
2027,59,company-59,Power,NuclearCap,MW,tCO2e/MWh,Global,63225991078,4.052108808229745e-5
2027,60,company-60,Power,CoalCap,MW,tCO2e/MWh,Global,9438496888,3.935679334943044e-6
2027,60,company-60,Power,GasCap,MW,tCO2e/MWh,Global,56093536584,3.852530287402065e-6
2027,61,company-61,Power,NuclearCap,MW,tCO2e/MWh,Global,59644019430,5.2167356748455427e-05
2027,62,company-62,Power,NuclearCap,MW,tCO2e/MWh,Global,6123252159,6.388814805608673e-6
2027,62,company-62,Power,OilCap,MW,tCO2e/MWh,Global,49512161744,5.058778768822385e-6
2027,63,company-63,Power,GasCap,MW,tCO2e/MWh,Global,40725149273,1.902556282885313e-5
2027,64,company-64,Power,HydroCap,MW,tCO2e/MWh,Global,71728110750,6.847533221483338e-6
2027,65,company-65,Power,CoalCap,MW,tCO2e/MWh,Global,5194559278,4.661833727819789e-6
2027,65,company-65,Power,RenewablesCap,MW,tCO2e/MWh,Global,68878932752,4.679613178233968e-6
2027,66,company-66,Power,CoalCap,MW,tCO2e/MWh,Global,14495986984,3.800405682552534e-5
2027,66,company-66,Power,GasCap,MW,tCO2e/MWh,Global,19927640223,8.125219392145748e-6
2027,66,company-66,Power,NuclearCap,MW,tCO2e/MWh,Global,79069868048,4.204525347382787e-5
2027,67,company-67,Power,OilCap,MW,tCO2e/MWh,Global,10974306273,1.224843186415089e-5
2027,68,company-68,Power,GasCap,MW,tCO2e/MWh,Global,62987695979,2.3711217277338046e-5
2027,68,company-68,Power,NuclearCap,MW,tCO2e/MWh,Global,44745625009,5.8585660384112565e-6
2027,69,company-69,Power,CoalCap,MW,tCO2e/MWh,Global,3353318196,6.653303962245221e-8
2027,69,company-69,Power,RenewablesCap,MW,tCO2e/MWh,Global,16475447936,3.981109523071073e-5
2027,70,company-70,Power,OilCap,MW,tCO2e/MWh,Global,66115928189,1.545766922025849e-5
2027,71,company-71,Power,GasCap,MW,tCO2e/MWh,Global,3890961525,1.7368543486967447e-5
2027,71,company-71,Power,RenewablesCap,MW,tCO2e/MWh,Global,38388878209,7.583846995386377e-6
2027,72,company-72,Power,HydroCap,MW,tCO2e/MWh,Global,79969803372,9.910893726428435e-6
2027,72,company-72,Power,NuclearCap,MW,tCO2e/MWh,Global,50188986364,4.638977811540916e-6
2027,74,company-74,Power,HydroCap,MW,tCO2e/MWh,Global,46625335113,1.0218196904243976e-5
2027,74,company-74,Power,RenewablesCap,MW,tCO2e/MWh,Global,18688248920,1.6255267382426017e-5
2027,75,company-75,Power,OilCap,MW,tCO2e/MWh,Global,3023333521,1.4941402447196002e-5
2027,76,company-76,Power,GasCap,MW,tCO2e/MWh,Global,52169515493,2.3375016148205935e-4
2027,76,company-76,Power,OilCap,MW,tCO2e/MWh,Global,10369344725,3.316914887262626e-5
2027,77,company-77,Power,CoalCap,MW,tCO2e/MWh,Global,55983847003,3.87607963649589e-6
2027,77,company-77,Power,HydroCap,MW,tCO2e/MWh,Global,16496658130,2.6393901126933536e-5
2027,77,company-77,Power,RenewablesCap,MW,tCO2e/MWh,Global,15530073375,1.4711102951765408e-5
2027,78,company-78,Power,OilCap,MW,tCO2e/MWh,Global,85578501661,5.106217200204924e-6
2027,79,company-79,Power,RenewablesCap,MW,tCO2e/MWh,Global,51595058747,1.5765482115214966e-4
2027,80,company-80,Power,GasCap,MW,tCO2e/MWh,Global,96926256558,1.8637049113508756e-5
2027,80,company-80,Power,OilCap,MW,tCO2e/MWh,Global,10008876845,6.995445999239747e-5
2027,81,company-81,Power,RenewablesCap,MW,tCO2e/MWh,Global,24042996640,1.2490444205265558e-5
2027,82,company-82,Power,RenewablesCap,MW,tCO2e/MWh,Global,33208591812,1.2524284829526907e-5
2027,83,company-83,Power,HydroCap,MW,tCO2e/MWh,Global,11463761578,3.7074689643526704e-6
2027,84,company-84,Power,GasCap,MW,tCO2e/MWh,Global,56308616540,1.4684503412074252e-6
2027,84,company-84,Power,NuclearCap,MW,tCO2e/MWh,Global,10807327344,9.173633524158303e-6
2027,86,company-86,Power,CoalCap,MW,tCO2e/MWh,Global,5786864431,1.0734108022134026e-5
2027,86,company-86,Power,GasCap,MW,tCO2e/MWh,Global,28843059532,2.142135293356956e-5
2027,86,company-86,Power,NuclearCap,MW,tCO2e/MWh,Global,23319632650,3.963392011458557e-6
2027,87,company-87,Power,OilCap,MW,tCO2e/MWh,Global,23699766701,2.014279826456904e-5
2027,87,company-87,Power,RenewablesCap,MW,tCO2e/MWh,Global,21027894627,1.4788105978068889e-5
2027,89,company-89,Power,CoalCap,MW,tCO2e/MWh,Global,47398142920,2.589240196167842e-5
2027,89,company-89,Power,OilCap,MW,tCO2e/MWh,Global,40590936092,2.341647142821335e-5
2027,89,company-89,Power,RenewablesCap,MW,tCO2e/MWh,Global,74163591944,6.830970647494701e-6
2027,90,company-90,Power,CoalCap,MW,tCO2e/MWh,Global,28778234667,2.5873444249315866e-5
2027,90,company-90,Power,GasCap,MW,tCO2e/MWh,Global,41617365287,1.465525123332762e-5
2027,90,company-90,Power,RenewablesCap,MW,tCO2e/MWh,Global,31819073208,3.071406465413609e-5
2027,91,company-91,Power,NuclearCap,MW,tCO2e/MWh,Global,10763792521,2.6067922892175177e-5
2027,92,company-92,Power,GasCap,MW,tCO2e/MWh,Global,4245277842,9.791182431659022e-5
2027,93,company-93,Power,CoalCap,MW,tCO2e/MWh,Global,8722590537,1.5116484477512584e-6
2027,93,company-93,Power,GasCap,MW,tCO2e/MWh,Global,104581318579,8.682530261624816e-5
2027,93,company-93,Power,HydroCap,MW,tCO2e/MWh,Global,27733204969,1.2206344255326908e-4
2027,94,company-94,Power,RenewablesCap,MW,tCO2e/MWh,Global,10047418242,2.7590786983064713e-6
2027,95,company-95,Power,CoalCap,MW,tCO2e/MWh,Global,5435903236,9.497288177311514e-6
2027,95,company-95,Power,HydroCap,MW,tCO2e/MWh,Global,2015039586,2.1969495212781657e-6
2027,95,company-95,Power,NuclearCap,MW,tCO2e/MWh,Global,26076570251,1.0657858087106082e-5
2027,96,company-96,Power,HydroCap,MW,tCO2e/MWh,Global,31350856027,1.9239726378243704e-6
2027,96,company-96,Power,RenewablesCap,MW,tCO2e/MWh,Global,11311776863,3.8956672155963015e-7
2027,97,company-97,Power,OilCap,MW,tCO2e/MWh,Global,12194925233,1.124987343077161e-5
2027,98,company-98,Power,OilCap,MW,tCO2e/MWh,Global,3552827553,1.4980893315224977e-5
2027,99,company-99,Power,OilCap,MW,tCO2e/MWh,Global,22963586421,1.9333471175417756e-5
2027,100,company-100,Power,CoalCap,MW,tCO2e/MWh,Global,28890805157,2.640837922937696e-5
2027,100,company-100,Power,GasCap,MW,tCO2e/MWh,Global,53413496374,1.855226074026648e-5
2027,100,company-100,Power,HydroCap,MW,tCO2e/MWh,Global,26685005616,1.1114218888378084e-5
2028,1,company-1,Power,HydroCap,MW,tCO2e/MWh,Global,13409123272,5.2678432521506325e-6
2028,2,company-2,Power,NuclearCap,MW,tCO2e/MWh,Global,26666981370,2.165243131833605e-5
2028,3,company-3,Power,HydroCap,MW,tCO2e/MWh,Global,28585349892,7.789807106655963e-6
2028,4,company-4,Power,GasCap,MW,tCO2e/MWh,Global,53402341103,2.4533927070738086e-5
2028,4,company-4,Power,HydroCap,MW,tCO2e/MWh,Global,38602526067,1.1801092484859088e-4
2028,5,company-5,Power,OilCap,MW,tCO2e/MWh,Global,2209478273,3.2516168463859135e-6
2028,6,company-6,Power,CoalCap,MW,tCO2e/MWh,Global,94139744791,3.0947929500217755e-5
2028,6,company-6,Power,NuclearCap,MW,tCO2e/MWh,Global,16745923317,1.2370818256182707e-5
2028,7,company-7,Power,RenewablesCap,MW,tCO2e/MWh,Global,3526854190,9.184951520770196e-7
2028,8,company-8,Power,NuclearCap,MW,tCO2e/MWh,Global,667560961,1.0045802072235267e-4
2028,9,company-9,Power,GasCap,MW,tCO2e/MWh,Global,31317458966,1.107055834745867e-5
2028,9,company-9,Power,NuclearCap,MW,tCO2e/MWh,Global,42874510929,1.873021806145231e-5
2028,9,company-9,Power,OilCap,MW,tCO2e/MWh,Global,3864259660,8.661470675433657e-6
2028,10,company-10,Power,CoalCap,MW,tCO2e/MWh,Global,20253973592,7.62010822015993e-7
2028,10,company-10,Power,OilCap,MW,tCO2e/MWh,Global,18614857325,1.6830261890666688e-5
2028,11,company-11,Power,GasCap,MW,tCO2e/MWh,Global,31234747801,4.6095645960783275e-5
2028,11,company-11,Power,OilCap,MW,tCO2e/MWh,Global,44275118759,1.9543125816893913e-5
2028,11,company-11,Power,RenewablesCap,MW,tCO2e/MWh,Global,16998499748,4.225171565773744e-6
2028,12,company-12,Power,HydroCap,MW,tCO2e/MWh,Global,9158591157,2.5366818096128195e-5
2028,13,company-13,Power,HydroCap,MW,tCO2e/MWh,Global,5128800173,1.7659674450645514e-5
2028,13,company-13,Power,NuclearCap,MW,tCO2e/MWh,Global,42255648128,8.85466030420547e-6
2028,14,company-14,Power,CoalCap,MW,tCO2e/MWh,Global,28146060468,1.8732974320064342e-5
2028,14,company-14,Power,HydroCap,MW,tCO2e/MWh,Global,6743962957,1.7799636841287408e-5
2028,15,company-15,Power,OilCap,MW,tCO2e/MWh,Global,35508843249,1.5191915491453319e-5
2028,16,company-16,Power,NuclearCap,MW,tCO2e/MWh,Global,54402035659,2.154100032950953e-5
2028,17,company-17,Power,GasCap,MW,tCO2e/MWh,Global,1048624914,3.583011410935166e-6
2028,18,company-18,Power,GasCap,MW,tCO2e/MWh,Global,34337137852,3.335011880338111e-5
2028,18,company-18,Power,HydroCap,MW,tCO2e/MWh,Global,43739351086,2.5756550573372384e-5
2028,18,company-18,Power,RenewablesCap,MW,tCO2e/MWh,Global,58596307824,9.249264842720074e-6
2028,20,company-20,Power,NuclearCap,MW,tCO2e/MWh,Global,24512534956,1.8311629325051152e-5
2028,20,company-20,Power,RenewablesCap,MW,tCO2e/MWh,Global,7638670153,1.0974408535060167e-5
2028,21,company-21,Power,HydroCap,MW,tCO2e/MWh,Global,51798258335,1.8187122963351873e-5
2028,21,company-21,Power,OilCap,MW,tCO2e/MWh,Global,36904488606,7.747605192369875e-6
2028,22,company-22,Power,GasCap,MW,tCO2e/MWh,Global,6362326993,2.969294324141231e-5
2028,22,company-22,Power,OilCap,MW,tCO2e/MWh,Global,881111473,1.1383217032817198e-5
2028,23,company-23,Power,NuclearCap,MW,tCO2e/MWh,Global,61099706192,2.959428285635381e-6
2028,24,company-24,Power,GasCap,MW,tCO2e/MWh,Global,37899490711,5.006649556016526e-6
2028,25,company-25,Power,GasCap,MW,tCO2e/MWh,Global,3065163214,1.0434934549329813e-5
2028,25,company-25,Power,NuclearCap,MW,tCO2e/MWh,Global,24557390572,1.2775898317431959e-5
2028,26,company-26,Power,GasCap,MW,tCO2e/MWh,Global,33806587259,2.9032224228914607e-5
2028,27,company-27,Power,GasCap,MW,tCO2e/MWh,Global,52419655278,3.5239528007764606e-5
2028,27,company-27,Power,NuclearCap,MW,tCO2e/MWh,Global,19058360605,1.8049984049331823e-5
2028,28,company-28,Power,NuclearCap,MW,tCO2e/MWh,Global,39462284450,8.989762897614012e-5
2028,29,company-29,Power,HydroCap,MW,tCO2e/MWh,Global,42792220807,1.1209882198329283e-5
2028,29,company-29,Power,OilCap,MW,tCO2e/MWh,Global,4926611624,7.485895462322446e-5
2028,30,company-30,Power,CoalCap,MW,tCO2e/MWh,Global,34107386763,8.434790487840605e-6
2028,31,company-31,Power,OilCap,MW,tCO2e/MWh,Global,57246745010,1.2696471407596398e-5
2028,31,company-31,Power,RenewablesCap,MW,tCO2e/MWh,Global,11523296121,3.490377553020036e-5
2028,32,company-32,Power,GasCap,MW,tCO2e/MWh,Global,18716661701,2.3508419879817187e-5
2028,32,company-32,Power,RenewablesCap,MW,tCO2e/MWh,Global,14167379745,2.9469253377343458e-5
2028,34,company-34,Power,GasCap,MW,tCO2e/MWh,Global,112187817086,5.941676240840419e-6
2028,36,company-36,Power,HydroCap,MW,tCO2e/MWh,Global,18888550807,2.5992575870307638e-5
2028,36,company-36,Power,NuclearCap,MW,tCO2e/MWh,Global,6537202349,1.33648047568646e-5
2028,37,company-37,Power,GasCap,MW,tCO2e/MWh,Global,13115982198,5.926555182931247e-5
2028,37,company-37,Power,OilCap,MW,tCO2e/MWh,Global,134619843717,2.658640768221112e-5
2028,39,company-39,Power,CoalCap,MW,tCO2e/MWh,Global,27357611481,6.736702282819085e-6
2028,41,company-41,Power,GasCap,MW,tCO2e/MWh,Global,27484453173,3.9153202809170495e-5
2028,41,company-41,Power,HydroCap,MW,tCO2e/MWh,Global,32941998825,1.3465633986448811e-5
2028,41,company-41,Power,OilCap,MW,tCO2e/MWh,Global,35809135495,4.1268701734547385e-6
2028,42,company-42,Power,CoalCap,MW,tCO2e/MWh,Global,28655217882,7.000552730988505e-5
2028,43,company-43,Power,GasCap,MW,tCO2e/MWh,Global,101413235946,3.5191142866977365e-5
2028,43,company-43,Power,OilCap,MW,tCO2e/MWh,Global,23909743785,1.706301660840419e-5
2028,44,company-44,Power,GasCap,MW,tCO2e/MWh,Global,32822461815,1.21422028168568e-5
2028,45,company-45,Power,NuclearCap,MW,tCO2e/MWh,Global,2116724985,3.2063738696446745e-5
2028,46,company-46,Power,NuclearCap,MW,tCO2e/MWh,Global,22614147635,9.024417309080462e-6
2028,47,company-47,Power,CoalCap,MW,tCO2e/MWh,Global,20051096767,2.2560142014194926e-5
2028,47,company-47,Power,RenewablesCap,MW,tCO2e/MWh,Global,10358823226,1.8529997575824367e-5
2028,49,company-49,Power,NuclearCap,MW,tCO2e/MWh,Global,22978104869,4.570300141974212e-6
2028,49,company-49,Power,OilCap,MW,tCO2e/MWh,Global,9265952475,2.211745867830161e-6
2028,50,company-50,Power,HydroCap,MW,tCO2e/MWh,Global,32779835537,4.02445551287553e-5
2028,52,company-52,Power,CoalCap,MW,tCO2e/MWh,Global,18196366948,3.2247598732380506e-6
2028,52,company-52,Power,OilCap,MW,tCO2e/MWh,Global,83106433407,2.8634482373115805e-4
2028,53,company-53,Power,CoalCap,MW,tCO2e/MWh,Global,35289097542,8.634592704731676e-6
2028,54,company-54,Power,CoalCap,MW,tCO2e/MWh,Global,44583160486,4.383790883270294e-5
2028,55,company-55,Power,CoalCap,MW,tCO2e/MWh,Global,44718859447,1.3644244799159376e-5
2028,56,company-56,Power,RenewablesCap,MW,tCO2e/MWh,Global,11718534492,4.647515478737872e-6
2028,57,company-57,Power,HydroCap,MW,tCO2e/MWh,Global,66259229161,1.1231236281023965e-5
2028,58,company-58,Power,OilCap,MW,tCO2e/MWh,Global,22441501990,8.232419291833523e-6
2028,58,company-58,Power,RenewablesCap,MW,tCO2e/MWh,Global,45133162314,1.613247857540667e-6
2028,59,company-59,Power,HydroCap,MW,tCO2e/MWh,Global,65796825060,1.2052174454616842e-5
2028,59,company-59,Power,NuclearCap,MW,tCO2e/MWh,Global,63225991078,4.052108808229745e-5
2028,60,company-60,Power,CoalCap,MW,tCO2e/MWh,Global,9438496888,3.935679334943044e-6
2028,60,company-60,Power,GasCap,MW,tCO2e/MWh,Global,56093536584,3.852530287402065e-6
2028,61,company-61,Power,NuclearCap,MW,tCO2e/MWh,Global,59644019430,5.2167356748455427e-05
2028,62,company-62,Power,NuclearCap,MW,tCO2e/MWh,Global,6123252159,6.388814805608673e-6
2028,62,company-62,Power,OilCap,MW,tCO2e/MWh,Global,49512161744,5.058778768822385e-6
2028,63,company-63,Power,GasCap,MW,tCO2e/MWh,Global,40725149273,1.902556282885313e-5
2028,64,company-64,Power,HydroCap,MW,tCO2e/MWh,Global,71728110750,6.847533221483338e-6
2028,65,company-65,Power,CoalCap,MW,tCO2e/MWh,Global,5194559278,4.661833727819789e-6
2028,65,company-65,Power,RenewablesCap,MW,tCO2e/MWh,Global,68878932752,4.679613178233968e-6
2028,66,company-66,Power,CoalCap,MW,tCO2e/MWh,Global,14495986984,3.800405682552534e-5
2028,66,company-66,Power,GasCap,MW,tCO2e/MWh,Global,19927640223,8.125219392145748e-6
2028,66,company-66,Power,NuclearCap,MW,tCO2e/MWh,Global,79069868048,4.204525347382787e-5
2028,67,company-67,Power,OilCap,MW,tCO2e/MWh,Global,10974306273,1.224843186415089e-5
2028,68,company-68,Power,GasCap,MW,tCO2e/MWh,Global,62987695979,2.3711217277338046e-5
2028,68,company-68,Power,NuclearCap,MW,tCO2e/MWh,Global,44745625009,5.8585660384112565e-6
2028,69,company-69,Power,CoalCap,MW,tCO2e/MWh,Global,3353318196,6.653303962245221e-8
2028,69,company-69,Power,RenewablesCap,MW,tCO2e/MWh,Global,16475447936,3.981109523071073e-5
2028,70,company-70,Power,OilCap,MW,tCO2e/MWh,Global,66115928189,1.545766922025849e-5
2028,71,company-71,Power,GasCap,MW,tCO2e/MWh,Global,3890961525,1.7368543486967447e-5
2028,71,company-71,Power,RenewablesCap,MW,tCO2e/MWh,Global,38388878209,7.583846995386377e-6
2028,72,company-72,Power,HydroCap,MW,tCO2e/MWh,Global,79969803372,9.910893726428435e-6
2028,72,company-72,Power,NuclearCap,MW,tCO2e/MWh,Global,50188986364,4.638977811540916e-6
2028,74,company-74,Power,HydroCap,MW,tCO2e/MWh,Global,46625335113,1.0218196904243976e-5
2028,74,company-74,Power,RenewablesCap,MW,tCO2e/MWh,Global,18688248920,1.6255267382426017e-5
2028,75,company-75,Power,OilCap,MW,tCO2e/MWh,Global,3023333521,1.4941402447196002e-5
2028,76,company-76,Power,GasCap,MW,tCO2e/MWh,Global,52169515493,2.3375016148205935e-4
2028,76,company-76,Power,OilCap,MW,tCO2e/MWh,Global,10369344725,3.316914887262626e-5
2028,77,company-77,Power,CoalCap,MW,tCO2e/MWh,Global,55983847003,3.87607963649589e-6
2028,77,company-77,Power,HydroCap,MW,tCO2e/MWh,Global,16496658130,2.6393901126933536e-5
2028,77,company-77,Power,RenewablesCap,MW,tCO2e/MWh,Global,15530073375,1.4711102951765408e-5
2028,78,company-78,Power,OilCap,MW,tCO2e/MWh,Global,85578501661,5.106217200204924e-6
2028,79,company-79,Power,RenewablesCap,MW,tCO2e/MWh,Global,51595058747,1.5765482115214966e-4
2028,80,company-80,Power,GasCap,MW,tCO2e/MWh,Global,96926256558,1.8637049113508756e-5
2028,80,company-80,Power,OilCap,MW,tCO2e/MWh,Global,10008876845,6.995445999239747e-5
2028,81,company-81,Power,RenewablesCap,MW,tCO2e/MWh,Global,24042996640,1.2490444205265558e-5
2028,82,company-82,Power,RenewablesCap,MW,tCO2e/MWh,Global,33208591812,1.2524284829526907e-5
2028,83,company-83,Power,HydroCap,MW,tCO2e/MWh,Global,11463761578,3.7074689643526704e-6
2028,84,company-84,Power,GasCap,MW,tCO2e/MWh,Global,56308616540,1.4684503412074252e-6
2028,84,company-84,Power,NuclearCap,MW,tCO2e/MWh,Global,10807327344,9.173633524158303e-6
2028,86,company-86,Power,CoalCap,MW,tCO2e/MWh,Global,5786864431,1.0734108022134026e-5
2028,86,company-86,Power,GasCap,MW,tCO2e/MWh,Global,28843059532,2.142135293356956e-5
2028,86,company-86,Power,NuclearCap,MW,tCO2e/MWh,Global,23319632650,3.963392011458557e-6
2028,87,company-87,Power,OilCap,MW,tCO2e/MWh,Global,23699766701,2.014279826456904e-5
2028,87,company-87,Power,RenewablesCap,MW,tCO2e/MWh,Global,21027894627,1.4788105978068889e-5
2028,89,company-89,Power,CoalCap,MW,tCO2e/MWh,Global,47398142920,2.589240196167842e-5
2028,89,company-89,Power,OilCap,MW,tCO2e/MWh,Global,40590936092,2.341647142821335e-5
2028,89,company-89,Power,RenewablesCap,MW,tCO2e/MWh,Global,74163591944,6.830970647494701e-6
2028,90,company-90,Power,CoalCap,MW,tCO2e/MWh,Global,28778234667,2.5873444249315866e-5
2028,90,company-90,Power,GasCap,MW,tCO2e/MWh,Global,41617365287,1.465525123332762e-5
2028,90,company-90,Power,RenewablesCap,MW,tCO2e/MWh,Global,31819073208,3.071406465413609e-5
2028,91,company-91,Power,NuclearCap,MW,tCO2e/MWh,Global,10763792521,2.6067922892175177e-5
2028,92,company-92,Power,GasCap,MW,tCO2e/MWh,Global,4245277842,9.791182431659022e-5
2028,93,company-93,Power,CoalCap,MW,tCO2e/MWh,Global,8722590537,1.5116484477512584e-6
2028,93,company-93,Power,GasCap,MW,tCO2e/MWh,Global,104581318579,8.682530261624816e-5
2028,93,company-93,Power,HydroCap,MW,tCO2e/MWh,Global,27733204969,1.2206344255326908e-4
2028,94,company-94,Power,RenewablesCap,MW,tCO2e/MWh,Global,10047418242,2.7590786983064713e-6
2028,95,company-95,Power,CoalCap,MW,tCO2e/MWh,Global,5435903236,9.497288177311514e-6
2028,95,company-95,Power,HydroCap,MW,tCO2e/MWh,Global,2015039586,2.1969495212781657e-6
2028,95,company-95,Power,NuclearCap,MW,tCO2e/MWh,Global,26076570251,1.0657858087106082e-5
2028,96,company-96,Power,HydroCap,MW,tCO2e/MWh,Global,31350856027,1.9239726378243704e-6
2028,96,company-96,Power,RenewablesCap,MW,tCO2e/MWh,Global,11311776863,3.8956672155963015e-7
2028,97,company-97,Power,OilCap,MW,tCO2e/MWh,Global,12194925233,1.124987343077161e-5
2028,98,company-98,Power,OilCap,MW,tCO2e/MWh,Global,3552827553,1.4980893315224977e-5
2028,99,company-99,Power,OilCap,MW,tCO2e/MWh,Global,22963586421,1.9333471175417756e-5
2028,100,company-100,Power,CoalCap,MW,tCO2e/MWh,Global,28890805157,2.640837922937696e-5
2028,100,company-100,Power,GasCap,MW,tCO2e/MWh,Global,53413496374,1.855226074026648e-5
2028,100,company-100,Power,HydroCap,MW,tCO2e/MWh,Global,26685005616,1.1114218888378084e-5
