company_id,company_name,ald_sector,ald_business_unit,ald_location,activity_unit,Equity Ownership 2022,Equity Ownership 2023,Equity Ownership 2024,Equity Ownership 2025,Equity Ownership 2026
4,company-4,Power,GasCap,R2,tCO2e,79099,NA,66749,2713,54053
4,company-4,Power,GasCap,CI,tCO2e,81717,63772,155163,75382,67462
9,company-9,Power,NuclearCap,R2,tCO2e,12547,188013,179958,90976,48663
9,company-9,Power,NuclearCap,TL,tCO2e,41648,11133,27278,74838,196193
9,company-9,Power,NuclearCap,LY,tCO2e,213788,NA,1470,86001,NA
9,company-9,Power,NuclearCap,MG,tCO2e,248320,201322,NA,NA,8615
10,company-10,Power,CoalCap,TL,tCO2e,NA,51896,50667,NA,25931
10,company-10,Power,CoalCap,LY,tCO2e,10825,234485,10002,165791,5438
11,company-11,Power,GasCap,MG,tCO2e,56122,255516,79998,NA,NA
11,company-11,Power,GasCap,BO,tCO2e,38856,54720,14548,2746,185438
11,company-11,Power,GasCap,R2,tCO2e,68529,35370,NA,42516,166076
11,company-11,Power,GasCap,LY,tCO2e,18488,4160,40398,251741,93747
11,company-11,Power,GasCap,TL,tCO2e,123547,53124,272384,NA,105391
12,company-12,Power,HydroCap,LY,tCO2e,58702,121120,103776,NA,17099
15,company-15,Power,OilCap,TL,tCO2e,287454,26160,40329,143506,NA
15,company-15,Power,OilCap,LY,tCO2e,121932,19989,130436,3633,160445
20,company-20,Power,RenewablesCap,BO,tCO2e,456041,NA,18585,5467,97188
20,company-20,Power,RenewablesCap,LY,tCO2e,NA,NA,258244,NA,221614
20,company-20,Power,RenewablesCap,TL,tCO2e,321760,NA,NA,18444,58638
23,company-23,Power,NuclearCap,CI,tCO2e,280247,NA,19570,74121,NA
23,company-23,Power,NuclearCap,R2,tCO2e,30422,168899,31949,16340,NA
26,company-26,Power,GasCap,R2,tCO2e,669,40051,118595,NA,94569
28,company-28,Power,NuclearCap,TL,tCO2e,27812,53082,95769,73535,101161
30,company-30,Power,CoalCap,MG,tCO2e,NA,NA,10443,30780,120452
30,company-30,Power,CoalCap,TL,tCO2e,NA,136742,248988,47319,69489
30,company-30,Power,CoalCap,BO,tCO2e,35200,11638,25243,NA,122478
36,company-36,Power,NuclearCap,R2,tCO2e,62910,12985,200019,NA,NA
36,company-36,Power,NuclearCap,CI,tCO2e,NA,36878,NA,NA,87005
37,company-37,Power,OilCap,LY,tCO2e,NA,54497,19325,12861,NA
37,company-37,Power,OilCap,BO,tCO2e,19141,NA,NA,522181,53874
37,company-37,Power,OilCap,TL,tCO2e,26048,557840,189926,56358,95832
37,company-37,Power,OilCap,R2,tCO2e,NA,178907,NA,27862,116926
37,company-37,Power,OilCap,CI,tCO2e,NA,45601,857,3591,195870
39,company-39,Coal,Coal,MG,tCO2e,212250,331895,41794,100990,58180
43,company-43,Power,OilCap,R2,tCO2e,180491,125310,161703,2428,20347
43,company-43,Power,OilCap,TL,tCO2e,151695,104650,184169,NA,185183
43,company-43,Power,OilCap,BO,tCO2e,NA,NA,49824,112737,83051
43,company-43,Power,OilCap,CI,tCO2e,444749,90932,152879,123332,84136
47,company-47,Power,RenewablesCap,R2,tCO2e,297525,NA,133562,68497,18450
47,company-47,Power,RenewablesCap,MG,tCO2e,30889,NA,111148,143711,118449
47,company-47,Power,RenewablesCap,TL,tCO2e,32160,NA,498846,45058,NA
54,company-54,Power,CoalCap,CI,tCO2e,196385,141379,431536,67860,268687
54,company-54,Power,CoalCap,R2,tCO2e,NA,18946,6302,56448,671
54,company-54,Power,CoalCap,BO,tCO2e,323979,526847,19707,336850,68101
57,company-57,Power,HydroCap,TL,tCO2e,22871,253977,60022,321366,82759
58,company-58,Power,RenewablesCap,CI,tCO2e,11870,NA,NA,153390,32818
60,company-60,Power,CoalCap,MG,tCO2e,142857,69753,NA,NA,157262
62,company-62,Power,NuclearCap,LY,tCO2e,73378,NA,101906,NA,368339
65,company-65,Coal,Coal,BO,tCO2e,NA,1628,8132,162271,30498
65,company-65,Coal,Coal,CI,tCO2e,282392,185746,49451,91636,NA
66,company-66,Power,NuclearCap,MG,tCO2e,78530,112143,NA,NA,24208
66,company-66,Power,NuclearCap,LY,tCO2e,380032,NA,NA,139284,NA
66,company-66,Power,NuclearCap,BO,tCO2e,NA,7287,537040,19790,166410
66,company-66,Power,NuclearCap,CI,tCO2e,408495,32708,20345,93897,22643
66,company-66,Power,NuclearCap,TL,tCO2e,13437,55423,107854,177136,170044
68,company-68,Power,GasCap,R2,tCO2e,67616,18522,27960,NA,179618
68,company-68,Power,GasCap,LY,tCO2e,37336,134448,NA,NA,3845
68,company-68,Power,GasCap,CI,tCO2e,53530,99328,62437,NA,207790
68,company-68,Power,GasCap,TL,tCO2e,42540,103643,198739,NA,NA
68,company-68,Power,GasCap,MG,tCO2e,151687,111243,NA,80335,98173
69,company-69,Power,CoalCap,R2,tCO2e,74751,91150,103898,313151,515704
74,company-74,Power,RenewablesCap,MG,tCO2e,36013,372810,321440,4398,NA
74,company-74,Power,RenewablesCap,BO,tCO2e,NA,299287,88182,31931,NA
76,company-76,Power,GasCap,TL,tCO2e,79023,134467,NA,44954,114081
76,company-76,Power,GasCap,BO,tCO2e,349886,447675,180937,NA,48052
76,company-76,Power,GasCap,MG,tCO2e,229478,NA,NA,36210,17518
76,company-76,Power,GasCap,LY,tCO2e,NA,151749,24502,92070,NA
80,company-80,Power,OilCap,LY,tCO2e,124345,318324,72867,NA,44738
80,company-80,Power,OilCap,TL,tCO2e,NA,NA,233130,122591,78388
80,company-80,Power,OilCap,MG,tCO2e,139373,NA,195312,34004,319089
80,company-80,Power,OilCap,BO,tCO2e,39619,56168,336805,166218,84571
81,company-81,Power,RenewablesCap,BO,tCO2e,NA,55098,16133,20186,169853
81,company-81,Power,RenewablesCap,MG,tCO2e,35920,49852,105659,24139,42579
89,company-89,Power,OilCap,R2,tCO2e,276860,204107,39577,44507,NA
89,company-89,Power,OilCap,MG,tCO2e,51486,66113,68625,51934,10126
89,company-89,Power,OilCap,TL,tCO2e,144113,13074,13574,22876,180400
89,company-89,Power,OilCap,LY,tCO2e,NA,NA,198691,NA,37077
89,company-89,Power,OilCap,BO,tCO2e,22854,253583,189156,NA,47153
93,company-93,Power,GasCap,LY,tCO2e,NA,20036,NA,NA,10349
93,company-93,Power,GasCap,TL,tCO2e,182862,18669,9159,23445,130175
93,company-93,Power,GasCap,R2,tCO2e,62937,1682,NA,252485,6968
93,company-93,Power,GasCap,MG,tCO2e,64096,64027,NA,62019,34775
93,company-93,Power,GasCap,BO,tCO2e,14013,33193,39896,252801,36866
94,company-94,Coal,Coal,BO,tCO2e,33525,NA,84382,NA,344083
94,company-94,Coal,Coal,MG,tCO2e,NA,7161,NA,479,NA
94,company-94,Coal,Coal,CI,tCO2e,NA,87751,86580,NA,162349
95,company-95,Power,CoalCap,LY,tCO2e,13573,55863,NA,47597,53321
96,company-96,Power,HydroCap,TL,tCO2e,42440,NA,45387,18735,53358
96,company-96,Power,HydroCap,R2,tCO2e,NA,65654,286607,100672,2517
100,company-100,Power,GasCap,TL,tCO2e,27872,135902,81521,7033,121359
100,company-100,Power,GasCap,LY,tCO2e,189635,23112,5131,17672,80307
100,company-100,Power,GasCap,CI,tCO2e,NA,202027,NA,NA,NA
100,company-100,Power,GasCap,R2,tCO2e,36417,176386,NA,NA,NA
9,company-9,Power,NuclearCap,CI,tCO2e,149240,NA,NA,239685,49856
9,company-9,Power,NuclearCap,TL,tCO2e,271000,5040,39211,129619,22714
9,company-9,Power,NuclearCap,R2,tCO2e,420959,169993,19367,46497,52414
9,company-9,Power,NuclearCap,MG,tCO2e,NA,55392,127649,NA,150210
12,company-12,Power,HydroCap,MG,tCO2e,50768,159127,42277,27884,431808
12,company-12,Power,HydroCap,R2,tCO2e,NA,200939,104580,NA,32176
12,company-12,Power,HydroCap,LY,tCO2e,20802,76835,68948,212338,140360
15,company-15,Power,OilCap,BO,tCO2e,274251,80977,5732,5306,NA
15,company-15,Power,OilCap,LY,tCO2e,17394,131851,NA,92086,49461
15,company-15,Power,OilCap,TL,tCO2e,223920,19808,624191,48963,NA
15,company-15,Power,OilCap,MG,tCO2e,168837,19666,92640,10534,41603
15,company-15,Power,OilCap,CI,tCO2e,NA,1086,134582,72500,3880
20,company-20,Power,RenewablesCap,TL,tCO2e,23904,NA,NA,10378,NA
20,company-20,Power,RenewablesCap,CI,tCO2e,15388,85990,52117,9031,21062
20,company-20,Power,RenewablesCap,BO,tCO2e,93609,31920,3286,10168,111539
36,company-36,Power,NuclearCap,MG,tCO2e,73967,NA,84215,24896,148847
36,company-36,Power,NuclearCap,LY,tCO2e,253064,7160,31826,5009,6618
36,company-36,Power,NuclearCap,CI,tCO2e,20250,38954,NA,261524,342692
36,company-36,Power,NuclearCap,BO,tCO2e,156541,NA,147433,26376,11675
36,company-36,Power,NuclearCap,R2,tCO2e,NA,10780,18038,89613,NA
37,company-37,Power,OilCap,CI,tCO2e,24996,NA,281872,176442,42374
37,company-37,Power,OilCap,LY,tCO2e,NA,917,59681,151632,35283
37,company-37,Power,OilCap,TL,tCO2e,NA,12595,71628,4191,182335
37,company-37,Power,OilCap,R2,tCO2e,147899,NA,36292,152497,124645
37,company-37,Power,OilCap,MG,tCO2e,NA,15314,110216,277084,20334
47,company-47,Power,RenewablesCap,R2,tCO2e,164354,41376,3894,17419,NA
54,company-54,Power,CoalCap,R2,tCO2e,71118,NA,15648,32146,48497
54,company-54,Power,CoalCap,TL,tCO2e,257327,NA,272029,51892,23692
54,company-54,Power,CoalCap,MG,tCO2e,108608,207074,133024,364712,NA
54,company-54,Power,CoalCap,LY,tCO2e,56671,174461,17924,243414,190648
54,company-54,Power,CoalCap,BO,tCO2e,872,NA,92707,13031,167905
57,company-57,Power,HydroCap,MG,tCO2e,NA,NA,NA,139,16761
57,company-57,Power,HydroCap,BO,tCO2e,174172,66995,56181,120768,515134
57,company-57,Power,HydroCap,LY,tCO2e,152622,251534,65198,NA,208307
60,company-60,Power,CoalCap,CI,tCO2e,472354,91645,46928,36892,NA
60,company-60,Power,CoalCap,R2,tCO2e,144085,NA,90601,7966,14795
62,company-62,Power,NuclearCap,R2,tCO2e,208642,NA,42746,4582,94814
62,company-62,Power,NuclearCap,TL,tCO2e,81654,71180,NA,621107,110418
62,company-62,Power,NuclearCap,MG,tCO2e,73650,NA,65276,40024,144765
62,company-62,Power,NuclearCap,CI,tCO2e,13645,157644,198163,153626,72907
62,company-62,Power,NuclearCap,BO,tCO2e,139916,132466,49803,429221,9999
66,company-66,Power,NuclearCap,BO,tCO2e,38126,NA,NA,27686,NA
68,company-68,Power,GasCap,TL,tCO2e,59549,17128,75098,111083,103169
68,company-68,Power,GasCap,LY,tCO2e,11701,42611,19097,106452,70438
68,company-68,Power,GasCap,CI,tCO2e,133778,42125,45378,72245,24282
68,company-68,Power,GasCap,MG,tCO2e,38106,52057,22011,NA,137831
69,company-69,Power,CoalCap,LY,tCO2e,23278,77402,NA,NA,2076
74,company-74,Power,RenewablesCap,TL,tCO2e,135559,336559,NA,60171,80659
74,company-74,Power,RenewablesCap,BO,tCO2e,13144,78836,22821,1556,NA
74,company-74,Power,RenewablesCap,R2,tCO2e,219866,46707,1001,26007,114958
74,company-74,Power,RenewablesCap,LY,tCO2e,136546,165921,18056,119,68305
74,company-74,Power,RenewablesCap,CI,tCO2e,74695,NA,61621,NA,63533
76,company-76,Power,GasCap,LY,tCO2e,NA,3907,6825,29036,310412
81,company-81,Power,RenewablesCap,MG,tCO2e,132404,30086,216016,137008,62417
89,company-89,Power,OilCap,TL,tCO2e,37212,3389,3403,22660,NA
89,company-89,Power,OilCap,LY,tCO2e,242217,22383,48298,112350,NA
89,company-89,Power,OilCap,R2,tCO2e,29581,2690,18078,154111,130753
93,company-93,Power,GasCap,CI,tCO2e,55483,NA,13140,101235,NA
93,company-93,Power,GasCap,TL,tCO2e,140778,63847,7502,8475,240157
93,company-93,Power,GasCap,MG,tCO2e,190204,10326,1428,179541,162453
93,company-93,Power,GasCap,R2,tCO2e,103212,7289,79121,17900,78646
95,company-95,Power,CoalCap,R2,tCO2e,28422,NA,116344,106497,137215
95,company-95,Power,CoalCap,MG,tCO2e,NA,NA,28741,15754,113966
95,company-95,Power,CoalCap,BO,tCO2e,12116,81665,46719,15890,214177
95,company-95,Power,CoalCap,TL,tCO2e,NA,75497,79998,NA,82084
95,company-95,Power,CoalCap,CI,tCO2e,123220,147482,171905,60727,NA
96,company-96,Power,HydroCap,LY,tCO2e,780,NA,NA,6711,NA
96,company-96,Power,HydroCap,R2,tCO2e,43888,NA,185,338,NA
96,company-96,Power,HydroCap,CI,tCO2e,137380,NA,59766,NA,8462
96,company-96,Power,HydroCap,BO,tCO2e,43896,178538,106,35908,33807
96,company-96,Power,HydroCap,MG,tCO2e,179818,106718,119108,33694,29093
4,company-4,Power,GasCap,MG,tCO2e,86822,17381,299319,28704,NA
4,company-4,Power,GasCap,CI,tCO2e,88456,93302,74244,22706,40476
4,company-4,Power,GasCap,BO,tCO2e,NA,NA,294933,118403,92766
4,company-4,Power,GasCap,R2,tCO2e,53757,NA,58743,165237,57825
10,company-10,Power,CoalCap,R2,tCO2e,NA,120433,17884,37428,48015
11,company-11,Power,GasCap,R2,tCO2e,117161,86994,39539,59980,34856
11,company-11,Power,GasCap,MG,tCO2e,109794,NA,123823,85911,339000
11,company-11,Power,GasCap,TL,tCO2e,21055,137637,109883,5189,142493
11,company-11,Power,GasCap,CI,tCO2e,158577,34079,35623,3531,140589
23,company-23,Power,NuclearCap,TL,tCO2e,NA,59033,110645,NA,10109
23,company-23,Power,NuclearCap,MG,tCO2e,25352,NA,NA,19405,165767
23,company-23,Power,NuclearCap,LY,tCO2e,375635,79927,29810,139702,30611
23,company-23,Power,NuclearCap,R2,tCO2e,43615,60453,351122,30214,NA
26,company-26,Power,GasCap,CI,tCO2e,107394,221223,78382,159223,108596
26,company-26,Power,GasCap,MG,tCO2e,180838,57668,7278,58805,23562
26,company-26,Power,GasCap,BO,tCO2e,19052,152951,193529,90547,122800
26,company-26,Power,GasCap,R2,tCO2e,48490,297528,14370,34406,54176
26,company-26,Power,GasCap,LY,tCO2e,102436,NA,55445,104548,NA
28,company-28,Power,NuclearCap,R2,tCO2e,NA,1903,131413,222914,41973
28,company-28,Power,NuclearCap,BO,tCO2e,49557,36178,123292,175757,55695
28,company-28,Power,NuclearCap,MG,tCO2e,79740,49888,NA,56138,1107
28,company-28,Power,NuclearCap,CI,tCO2e,109664,39451,376008,198047,89760
28,company-28,Power,NuclearCap,LY,tCO2e,NA,NA,99039,85339,NA
30,company-30,Power,CoalCap,BO,tCO2e,209120,168134,3973,90490,NA
30,company-30,Power,CoalCap,LY,tCO2e,23583,7878,69818,233778,100987
30,company-30,Power,CoalCap,CI,tCO2e,18729,NA,22215,NA,131869
43,company-43,Power,OilCap,BO,tCO2e,26231,16346,35732,164167,186024
43,company-43,Power,OilCap,LY,tCO2e,68792,75028,37070,5811,3398
43,company-43,Power,OilCap,CI,tCO2e,208497,244231,15004,NA,16529
43,company-43,Power,OilCap,TL,tCO2e,14666,NA,127933,NA,85457
58,company-58,Power,RenewablesCap,R2,tCO2e,68790,211859,38076,15495,17477
58,company-58,Power,RenewablesCap,TL,tCO2e,42059,39734,NA,48541,10074
58,company-58,Power,RenewablesCap,LY,tCO2e,NA,63478,22292,152309,42762
58,company-58,Power,RenewablesCap,BO,tCO2e,15199,93172,4679,NA,80384
80,company-80,Power,OilCap,MG,tCO2e,NA,NA,201042,30453,392893
80,company-80,Power,OilCap,BO,tCO2e,40673,NA,1796,370730,403451
80,company-80,Power,OilCap,LY,tCO2e,156763,27399,181229,270971,80562
100,company-100,Power,GasCap,R2,tCO2e,36197,87913,NA,126293,91136
100,company-100,Power,GasCap,BO,tCO2e,128369,88183,NA,43918,NA
100,company-100,Power,GasCap,TL,tCO2e,25251,NA,52665,63431,78806
100,company-100,Power,GasCap,CI,tCO2e,14613,42746,10989,128684,150687
1,company-1,Power,HydroCap,GE,tCO2e,109359,NA,NA,3906,178408
1,company-1,Power,HydroCap,MQ,tCO2e,164857,149274,76111,NA,NA
2,company-2,Power,NuclearCap,MS,tCO2e,9727,NA,9752,49375,155989
2,company-2,Power,NuclearCap,GE,tCO2e,NA,73990,83156,236995,136197
2,company-2,Power,NuclearCap,TF,tCO2e,NA,201036,95994,1379,94296
3,company-3,Power,HydroCap,SM,tCO2e,NA,NA,8189,108421,NA
3,company-3,Power,HydroCap,UY,tCO2e,20320,17078,23001,113421,26798
3,company-3,Power,HydroCap,MS,tCO2e,198506,NA,284810,231261,57453
3,company-3,Power,HydroCap,TF,tCO2e,38265,33411,78524,20640,39242
4,company-4,Power,HydroCap,MQ,tCO2e,NA,17848,177402,102456,NA
5,company-5,Power,OilCap,MQ,tCO2e,52556,421400,197462,26230,7870
6,company-6,Power,CoalCap,MS,tCO2e,104718,37077,6678,NA,303730
6,company-6,Power,CoalCap,GE,tCO2e,20243,322431,233889,127439,102091
6,company-6,Power,CoalCap,MQ,tCO2e,NA,31222,126301,NA,34495
6,company-6,Power,CoalCap,SM,tCO2e,8600,NA,48984,NA,19794
6,company-6,Power,CoalCap,TF,tCO2e,4156,302020,11554,22577,15685
6,company-6,Power,NuclearCap,MQ,tCO2e,NA,158769,19716,57607,NA
6,company-6,Power,NuclearCap,SM,tCO2e,242065,159082,174857,111271,NA
6,company-6,Power,NuclearCap,TF,tCO2e,3095,16723,60054,39259,75452
6,company-6,Power,NuclearCap,GE,tCO2e,145430,14605,41887,2397,134736
7,company-7,Power,RenewablesCap,SM,tCO2e,11069,22901,39762,32801,NA
8,company-8,Power,NuclearCap,GE,tCO2e,NA,185660,82268,135290,56518
8,company-8,Power,NuclearCap,TF,tCO2e,NA,140749,218638,35087,2964
8,company-8,Power,NuclearCap,SM,tCO2e,99933,123644,13115,131099,202032
9,company-9,Power,GasCap,SM,tCO2e,NA,NA,NA,28340,157094
9,company-9,Power,GasCap,TF,tCO2e,NA,51034,NA,NA,48527
9,company-9,Power,GasCap,MS,tCO2e,84413,224658,NA,110125,37454
9,company-9,Power,GasCap,UY,tCO2e,381983,142583,293312,NA,76857
9,company-9,Power,OilCap,MQ,tCO2e,NA,NA,NA,100061,11067
9,company-9,Power,OilCap,SM,tCO2e,184317,147056,50758,117719,37670
9,company-9,Power,OilCap,GE,tCO2e,99913,575594,32632,13261,111662
10,company-10,Power,OilCap,MS,tCO2e,240554,40748,47674,3237,NA
10,company-10,Power,OilCap,MQ,tCO2e,65904,37556,3087,25456,7800
10,company-10,Power,OilCap,SM,tCO2e,149513,NA,NA,216537,128554
10,company-10,Power,OilCap,GE,tCO2e,NA,116464,13028,108832,95166
10,company-10,Coal,Coal,MS,tCO2e,18499,155085,NA,30630,129193
11,company-11,Power,RenewablesCap,MS,tCO2e,29285,59429,84133,NA,NA
11,company-11,Power,RenewablesCap,GE,tCO2e,NA,110951,36470,58880,11448
11,company-11,Power,RenewablesCap,SM,tCO2e,76192,354141,7721,343723,267491
11,company-11,Power,RenewablesCap,TF,tCO2e,22016,57851,112486,78300,29703
11,company-11,Power,OilCap,MQ,tCO2e,177287,4102,27207,NA,NA
11,company-11,Power,OilCap,MS,tCO2e,75291,39977,230838,40014,6809
11,company-11,Power,OilCap,GE,tCO2e,195952,41981,107682,58024,4795
11,company-11,Power,OilCap,UY,tCO2e,54504,119679,154575,NA,48065
12,company-12,Power,HydroCap,GE,tCO2e,299471,166327,5584,NA,335790
12,company-12,Coal,Coal,UY,tCO2e,79529,60332,62340,24422,85395
12,company-12,Coal,Coal,TF,tCO2e,112288,159604,NA,23487,NA
13,company-13,Power,NuclearCap,SM,tCO2e,NA,207962,321625,36553,NA
13,company-13,Power,NuclearCap,TF,tCO2e,19722,NA,NA,25285,21320
13,company-13,Power,NuclearCap,GE,tCO2e,179669,29710,10553,NA,118543
13,company-13,Power,HydroCap,MQ,tCO2e,34031,53919,94127,NA,263185
14,company-14,Power,HydroCap,MQ,tCO2e,180072,33233,30621,101147,46630
14,company-14,Power,CoalCap,UY,tCO2e,NA,NA,NA,84055,185008
15,company-15,Power,OilCap,MQ,tCO2e,20143,21368,89337,14999,11455
15,company-15,Power,OilCap,TF,tCO2e,365772,63642,NA,59043,31431
15,company-15,Power,OilCap,SM,tCO2e,16334,NA,213119,131402,81467
15,company-15,Power,OilCap,MS,tCO2e,NA,28064,NA,63204,60526
16,company-16,Coal,Coal,TF,tCO2e,NA,NA,NA,NA,21618
16,company-16,Coal,Coal,GE,tCO2e,106671,54008,107440,NA,109276
16,company-16,Coal,Coal,MS,tCO2e,52873,255169,NA,27800,31989
16,company-16,Coal,Coal,MQ,tCO2e,30697,25196,65966,278582,164248
16,company-16,Coal,Coal,SM,tCO2e,20220,5707,35654,28389,183885
16,company-16,Power,NuclearCap,TF,tCO2e,69709,184387,21335,279964,150176
16,company-16,Power,NuclearCap,GE,tCO2e,NA,17388,51899,48820,73803
17,company-17,Power,GasCap,MS,tCO2e,70786,8278,NA,219881,85960
18,company-18,Power,HydroCap,MS,tCO2e,25407,912,71829,136426,319844
18,company-18,Power,HydroCap,TF,tCO2e,NA,NA,NA,6224,51385
18,company-18,Power,HydroCap,GE,tCO2e,85047,24557,60414,87407,33038
18,company-18,Power,HydroCap,MQ,tCO2e,50161,234937,118134,NA,97754
18,company-18,Power,HydroCap,SM,tCO2e,171508,79557,47501,267724,34597
18,company-18,Power,RenewablesCap,MQ,tCO2e,NA,121540,145304,24022,148414
18,company-18,Power,RenewablesCap,SM,tCO2e,204614,163926,70334,17685,107449
18,company-18,Power,RenewablesCap,GE,tCO2e,33916,156056,34727,8612,91931
18,company-18,Power,GasCap,MQ,tCO2e,NA,18332,106883,216001,38436
18,company-18,Power,GasCap,GE,tCO2e,8109,64315,97292,NA,270064
18,company-18,Power,GasCap,MS,tCO2e,18948,33145,225464,40828,18990
20,company-20,Coal,Coal,MQ,tCO2e,605887,20355,160756,NA,99900
20,company-20,Coal,Coal,UY,tCO2e,12117,90933,NA,NA,NA
20,company-20,Coal,Coal,SM,tCO2e,NA,349,251185,139112,46328
20,company-20,Coal,Coal,GE,tCO2e,101316,NA,141932,NA,11325
20,company-20,Coal,Coal,TF,tCO2e,28272,240512,220838,53738,180925
20,company-20,Power,NuclearCap,MQ,tCO2e,4179,4550,143411,86865,NA
20,company-20,Power,NuclearCap,MS,tCO2e,23840,78050,248159,NA,208735
20,company-20,Power,NuclearCap,UY,tCO2e,NA,NA,12200,60976,33131
21,company-21,Power,OilCap,MS,tCO2e,23611,32994,116097,NA,25105
21,company-21,Power,OilCap,MQ,tCO2e,395298,NA,77518,151997,147196
21,company-21,Power,OilCap,TF,tCO2e,40205,NA,NA,301619,97699
21,company-21,Power,HydroCap,GE,tCO2e,133949,13868,102964,11530,17071
21,company-21,Power,HydroCap,MS,tCO2e,NA,37492,11222,30653,116185
21,company-21,Power,HydroCap,MQ,tCO2e,50978,NA,NA,239659,22007
21,company-21,Power,HydroCap,UY,tCO2e,31392,51856,43124,NA,91462
21,company-21,Power,HydroCap,TF,tCO2e,49947,NA,16263,142091,74430
22,company-22,Power,GasCap,MQ,tCO2e,NA,43664,47874,133213,8813
22,company-22,Power,GasCap,GE,tCO2e,NA,148730,45096,NA,462480
22,company-22,Power,GasCap,TF,tCO2e,NA,NA,NA,24375,NA
22,company-22,Power,GasCap,SM,tCO2e,28282,132961,41807,59276,19689
22,company-22,Power,OilCap,TF,tCO2e,12453,88665,169313,102128,172615
22,company-22,Power,OilCap,MQ,tCO2e,NA,NA,18465,25283,2707
22,company-22,Power,OilCap,GE,tCO2e,162109,5285,4447,NA,36153
22,company-22,Power,OilCap,MS,tCO2e,347429,16686,46017,101711,NA
22,company-22,Power,OilCap,SM,tCO2e,42332,207263,41623,67500,14108
24,company-24,Power,GasCap,MS,tCO2e,124495,NA,NA,NA,NA
24,company-24,Power,GasCap,TF,tCO2e,NA,29202,126552,78788,33981
24,company-24,Power,GasCap,GE,tCO2e,NA,250911,72751,76880,104860
24,company-24,Power,GasCap,SM,tCO2e,NA,NA,NA,10162,3032
24,company-24,Power,GasCap,UY,tCO2e,11969,156626,35732,469903,144657
25,company-25,Power,GasCap,MQ,tCO2e,45476,NA,127808,26761,11261
25,company-25,Power,NuclearCap,MS,tCO2e,90463,111732,26940,280976,NA
25,company-25,Power,NuclearCap,UY,tCO2e,91074,NA,70375,27012,168347
25,company-25,Power,NuclearCap,TF,tCO2e,NA,NA,NA,86360,97410
25,company-25,Power,NuclearCap,MQ,tCO2e,95267,345923,15099,132180,16551
26,company-26,Coal,Coal,SM,tCO2e,47016,86407,25509,65047,23583
26,company-26,Coal,Coal,MS,tCO2e,13819,33327,192255,51681,NA
26,company-26,Coal,Coal,MQ,tCO2e,15963,NA,31068,57168,62288
26,company-26,Coal,Coal,UY,tCO2e,NA,57234,121246,185082,NA
27,company-27,Power,NuclearCap,MQ,tCO2e,180842,61841,110051,13997,218907
27,company-27,Power,NuclearCap,TF,tCO2e,171669,438649,340437,64724,24960
27,company-27,Power,GasCap,UY,tCO2e,48741,231288,51850,99179,82435
27,company-27,Power,GasCap,MS,tCO2e,352973,NA,NA,NA,73348
27,company-27,Power,GasCap,SM,tCO2e,77056,141246,41249,78078,55412
27,company-27,Power,GasCap,MQ,tCO2e,70084,52888,35921,53183,NA
29,company-29,Power,OilCap,MS,tCO2e,12312,66908,56598,274098,202640
29,company-29,Power,OilCap,SM,tCO2e,37954,67705,42998,8058,NA
29,company-29,Power,OilCap,TF,tCO2e,NA,3419,248348,187586,46348
29,company-29,Power,HydroCap,MQ,tCO2e,112874,132453,127965,175575,435383
29,company-29,Power,HydroCap,GE,tCO2e,100263,9413,67134,135485,103303
29,company-29,Power,HydroCap,TF,tCO2e,32112,32098,121971,99591,3871
29,company-29,Power,HydroCap,MS,tCO2e,68379,19053,316744,NA,NA
29,company-29,Power,HydroCap,UY,tCO2e,29521,8747,NA,3875,241990
31,company-31,Power,RenewablesCap,MQ,tCO2e,NA,41910,179369,24808,177136
31,company-31,Power,RenewablesCap,SM,tCO2e,128988,148694,155986,278595,123131
31,company-31,Power,RenewablesCap,GE,tCO2e,NA,NA,560379,58139,139319
31,company-31,Power,RenewablesCap,TF,tCO2e,43089,207246,146252,102882,89407
31,company-31,Power,OilCap,GE,tCO2e,NA,48884,NA,201668,NA
31,company-31,Power,OilCap,MS,tCO2e,82299,133587,6033,NA,99911
31,company-31,Power,OilCap,SM,tCO2e,161063,78030,NA,272131,258236
32,company-32,Power,RenewablesCap,MQ,tCO2e,19910,46319,95322,155154,132571
32,company-32,Power,RenewablesCap,SM,tCO2e,72224,143682,54929,168510,112553
32,company-32,Power,RenewablesCap,MQ,tCO2e,8900,44417,278300,NA,112433
32,company-32,Power,RenewablesCap,TF,tCO2e,105262,70418,NA,183654,583901
32,company-32,Power,GasCap,UY,tCO2e,123310,22822,29888,237088,78418
32,company-32,Power,GasCap,MQ,tCO2e,185111,2579,NA,175503,60199
32,company-32,Power,GasCap,GE,tCO2e,103501,NA,19663,27657,494659
34,company-34,Coal,Coal,MQ,tCO2e,229412,94874,180601,54403,79966
34,company-34,Coal,Coal,SM,tCO2e,96743,36835,NA,355878,81609
34,company-34,Power,GasCap,GE,tCO2e,NA,106486,185952,89416,14389
34,company-34,Power,GasCap,TF,tCO2e,61106,29442,NA,170805,17427
34,company-34,Power,GasCap,SM,tCO2e,90029,42562,125082,37859,22906
34,company-34,Power,GasCap,UY,tCO2e,12009,127556,NA,177365,10878
36,company-36,Power,HydroCap,MS,tCO2e,117504,NA,140848,64887,NA
36,company-36,Power,HydroCap,SM,tCO2e,32233,NA,NA,NA,142244
36,company-36,Power,HydroCap,MQ,tCO2e,121992,25838,276650,43481,NA
36,company-36,Power,HydroCap,UY,tCO2e,151882,121038,62334,50054,31459
36,company-36,Power,NuclearCap,SM,tCO2e,18532,84340,3301,43400,198272
37,company-37,Power,GasCap,GE,tCO2e,76615,161919,112137,53086,NA
37,company-37,Power,GasCap,UY,tCO2e,72779,NA,97732,NA,14362
37,company-37,Power,GasCap,TF,tCO2e,NA,NA,3721,66811,503789
37,company-37,Power,GasCap,MS,tCO2e,30398,194072,1386,69650,NA
37,company-37,Power,OilCap,GE,tCO2e,103380,185238,87611,85115,16525
37,company-37,Power,OilCap,MS,tCO2e,95859,229428,109420,NA,22197
38,company-38,Coal,Coal,UY,tCO2e,171462,49434,72830,156382,1650
38,company-38,Coal,Coal,MS,tCO2e,304965,65032,154025,420781,217561
38,company-38,Coal,Coal,SM,tCO2e,80657,20369,54092,125358,61049
38,company-38,Coal,Coal,GE,tCO2e,215195,198030,83573,NA,92796
39,company-39,Power,CoalCap,MS,tCO2e,25808,254404,29787,35124,NA
39,company-39,Power,CoalCap,UY,tCO2e,34962,NA,NA,288385,79141
39,company-39,Power,CoalCap,MQ,tCO2e,102586,30938,103150,47821,216624
41,company-41,Power,HydroCap,UY,tCO2e,44124,132184,NA,3476,64981
41,company-41,Power,HydroCap,MS,tCO2e,10559,85079,207339,3428,25514
41,company-41,Power,HydroCap,TF,tCO2e,173971,45685,NA,318807,176651
41,company-41,Power,HydroCap,GE,tCO2e,NA,44903,67486,NA,71887
41,company-41,Power,HydroCap,MQ,tCO2e,14818,138725,150210,84018,100487
41,company-41,Power,OilCap,MQ,tCO2e,52717,500334,165185,25938,245598
41,company-41,Power,OilCap,GE,tCO2e,117101,NA,25636,63869,NA
41,company-41,Power,OilCap,MS,tCO2e,184880,105967,58853,NA,13168
41,company-41,Power,OilCap,TF,tCO2e,NA,NA,NA,NA,NA
41,company-41,Power,OilCap,UY,tCO2e,28904,174123,192669,379827,84559
41,company-41,Power,GasCap,SM,tCO2e,43053,35248,NA,NA,2826
41,company-41,Power,GasCap,GE,tCO2e,68771,120338,74868,28852,320850
41,company-41,Power,GasCap,MS,tCO2e,145334,91018,84874,131705,3101
42,company-42,Power,CoalCap,SM,tCO2e,189735,82351,50805,234252,595414
42,company-42,Power,CoalCap,TF,tCO2e,77610,18502,112624,100944,NA
42,company-42,Power,CoalCap,MS,tCO2e,301087,195189,119863,NA,28116
43,company-43,Power,GasCap,MQ,tCO2e,305916,21417,91959,2126,245652
43,company-43,Power,GasCap,TF,tCO2e,131135,7756,21501,11428,NA
44,company-44,Coal,Coal,UY,tCO2e,52092,96362,36266,19722,72888
44,company-44,Coal,Coal,MS,tCO2e,118559,53821,96938,5294,59033
44,company-44,Coal,Coal,MQ,tCO2e,NA,NA,NA,29751,22483
44,company-44,Coal,Coal,SM,tCO2e,104609,267765,48031,201711,7641
44,company-44,Coal,Coal,TF,tCO2e,NA,232136,56894,73518,92700
44,company-44,Power,GasCap,GE,tCO2e,2092,5310,33626,56843,NA
44,company-44,Power,GasCap,MQ,tCO2e,27766,19046,1013,443,9658
44,company-44,Power,GasCap,MS,tCO2e,57851,266609,NA,13503,160499
44,company-44,Power,GasCap,TF,tCO2e,95953,279732,70937,14912,139281
45,company-45,Power,NuclearCap,SM,tCO2e,NA,NA,274638,126707,729
46,company-46,Power,NuclearCap,MQ,tCO2e,NA,25730,100973,71536,NA
46,company-46,Power,NuclearCap,GE,tCO2e,NA,NA,60090,9591,8781
46,company-46,Power,NuclearCap,TF,tCO2e,45486,45517,NA,74336,345302
46,company-46,Power,NuclearCap,MS,tCO2e,59565,80805,11495,63620,32706
46,company-46,Power,NuclearCap,SM,tCO2e,294135,26099,31419,NA,NA
47,company-47,Power,CoalCap,MQ,tCO2e,NA,19488,354128,1533,81424
47,company-47,Power,CoalCap,UY,tCO2e,84432,80609,39389,71104,339113
49,company-49,Power,OilCap,MQ,tCO2e,44375,NA,98919,3032,23398
49,company-49,Power,NuclearCap,MS,tCO2e,29403,140373,77302,27598,138150
49,company-49,Power,NuclearCap,UY,tCO2e,59951,NA,NA,1367,8117
49,company-49,Power,NuclearCap,SM,tCO2e,241948,71726,62380,3110,7495
50,company-50,Power,HydroCap,SM,tCO2e,8478,110672,NA,81494,109749
50,company-50,Power,HydroCap,GE,tCO2e,NA,103655,25388,NA,63975
50,company-50,Power,HydroCap,TF,tCO2e,14671,292409,165786,NA,375745
50,company-50,Power,HydroCap,MQ,tCO2e,315651,NA,5563,10554,73520
52,company-52,Power,CoalCap,SM,tCO2e,NA,154019,32134,94185,45699
52,company-52,Power,CoalCap,TF,tCO2e,28345,159541,124117,NA,238214
52,company-52,Power,CoalCap,MS,tCO2e,NA,17477,257721,NA,44434
52,company-52,Power,CoalCap,UY,tCO2e,64869,39931,32793,NA,51140
52,company-52,Power,CoalCap,MQ,tCO2e,NA,240858,2837,39183,4331
52,company-52,Power,OilCap,UY,tCO2e,16794,99787,123747,NA,235726
53,company-53,Coal,Coal,UY,tCO2e,2773,118771,162,463013,70979
53,company-53,Coal,Coal,TF,tCO2e,1876,17820,NA,19375,207221
53,company-53,Coal,Coal,MS,tCO2e,47943,140374,16309,59898,61642
53,company-53,Power,CoalCap,MQ,tCO2e,24054,NA,104315,80297,47888
53,company-53,Power,CoalCap,TF,tCO2e,NA,46317,193424,277698,21991
53,company-53,Power,CoalCap,SM,tCO2e,58007,480055,107529,49229,NA
53,company-53,Power,CoalCap,MS,tCO2e,NA,NA,320034,53959,39461
55,company-55,Power,CoalCap,TF,tCO2e,80236,NA,33743,NA,33917
56,company-56,Power,RenewablesCap,MQ,tCO2e,762513,111306,228054,145556,204392
57,company-57,Power,HydroCap,TF,tCO2e,11613,46403,169006,NA,125942
57,company-57,Power,HydroCap,GE,tCO2e,39584,22862,42590,NA,95714
58,company-58,Power,OilCap,MQ,tCO2e,NA,7422,16451,NA,NA
58,company-58,Power,OilCap,SM,tCO2e,12700,66497,NA,221845,63728
58,company-58,Power,OilCap,GE,tCO2e,97957,25899,83819,264738,126622
58,company-58,Power,OilCap,MS,tCO2e,113780,44376,269355,54791,135634
59,company-59,Power,HydroCap,TF,tCO2e,36683,48680,32122,106816,320238
59,company-59,Power,HydroCap,UY,tCO2e,71934,248770,76377,72984,45781
59,company-59,Power,HydroCap,SM,tCO2e,NA,157024,129427,NA,NA
59,company-59,Power,HydroCap,MS,tCO2e,97090,50023,70186,6002,63081
59,company-59,Power,NuclearCap,MS,tCO2e,57082,3318,184316,592,34710
59,company-59,Power,NuclearCap,TF,tCO2e,NA,NA,36295,NA,14636
59,company-59,Power,NuclearCap,SM,tCO2e,24942,NA,NA,NA,270696
59,company-59,Power,NuclearCap,UY,tCO2e,13479,79662,20251,188698,214017
60,company-60,Power,GasCap,MS,tCO2e,19109,147582,22550,154146,29377
60,company-60,Power,GasCap,UY,tCO2e,171861,169847,NA,13655,48797
60,company-60,Power,GasCap,TF,tCO2e,36618,67958,80583,224681,81312
60,company-60,Power,GasCap,SM,tCO2e,265721,38013,5105,NA,NA
60,company-60,Power,GasCap,GE,tCO2e,41155,41803,209251,32151,51275
61,company-61,Power,NuclearCap,MQ,tCO2e,NA,43907,NA,1963,116203
62,company-62,Power,OilCap,SM,tCO2e,33953,95344,307922,28016,40949
63,company-63,Power,GasCap,GE,tCO2e,50464,23267,NA,25371,113661
63,company-63,Coal,Coal,TF,tCO2e,37895,NA,75712,546192,60395
63,company-63,Coal,Coal,GE,tCO2e,71800,NA,102337,18989,12750
63,company-63,Coal,Coal,SM,tCO2e,NA,23573,54114,NA,NA
63,company-63,Coal,Coal,MS,tCO2e,12268,35770,NA,210593,82308
64,company-64,Power,HydroCap,TF,tCO2e,25223,77075,NA,12632,32923
64,company-64,Power,HydroCap,SM,tCO2e,11679,67535,36432,26808,NA
64,company-64,Power,HydroCap,MQ,tCO2e,1207,62713,136548,37974,157460
65,company-65,Power,RenewablesCap,MS,tCO2e,NA,14175,NA,367401,23281
65,company-65,Power,CoalCap,MS,tCO2e,382501,116341,117082,60476,97158
65,company-65,Power,CoalCap,TF,tCO2e,42671,93875,141862,70345,61335
65,company-65,Power,CoalCap,SM,tCO2e,56111,NA,12888,44577,83145
66,company-66,Power,CoalCap,MQ,tCO2e,195255,77196,NA,93196,335181
66,company-66,Power,GasCap,SM,tCO2e,50227,300792,69401,243150,NA
66,company-66,Power,GasCap,GE,tCO2e,18430,17397,30617,27824,163272
66,company-66,Power,GasCap,TF,tCO2e,192616,NA,207949,261535,130750
66,company-66,Power,CoalCap,TF,tCO2e,124192,58594,148012,31559,38347
66,company-66,Power,CoalCap,MQ,tCO2e,39382,113146,226242,460482,NA
66,company-66,Power,CoalCap,SM,tCO2e,90332,121508,39469,52569,21692
66,company-66,Power,CoalCap,UY,tCO2e,NA,100717,215811,NA,150594
67,company-67,Power,OilCap,GE,tCO2e,NA,380413,74250,102351,149974
68,company-68,Power,NuclearCap,MS,tCO2e,3178,9560,190051,124756,68295
68,company-68,Power,NuclearCap,TF,tCO2e,112338,NA,NA,32615,60398
68,company-68,Power,NuclearCap,UY,tCO2e,2589,84939,NA,48505,57445
68,company-68,Power,NuclearCap,MQ,tCO2e,180205,4734,1253,260898,49691
69,company-69,Power,RenewablesCap,UY,tCO2e,155379,109010,NA,35166,237367
69,company-69,Power,RenewablesCap,GE,tCO2e,135841,59902,NA,157979,72493
69,company-69,Coal,Coal,MQ,tCO2e,3582,6888,98310,54926,410868
70,company-70,Power,OilCap,SM,tCO2e,96258,NA,34517,53903,23634
71,company-71,Power,RenewablesCap,GE,tCO2e,NA,NA,NA,NA,NA
71,company-71,Power,RenewablesCap,SM,tCO2e,37877,140058,NA,NA,29832
71,company-71,Power,RenewablesCap,MQ,tCO2e,NA,204656,NA,NA,61793
71,company-71,Power,RenewablesCap,MS,tCO2e,371346,94621,48225,7962,101390
71,company-71,Power,GasCap,MS,tCO2e,20757,280335,63033,279282,26345
71,company-71,Power,GasCap,GE,tCO2e,14947,NA,18055,49300,107592
71,company-71,Power,GasCap,MQ,tCO2e,10860,120947,31562,52287,NA
71,company-71,Power,GasCap,UY,tCO2e,61386,NA,36937,134009,NA
72,company-72,Power,HydroCap,GE,tCO2e,72090,NA,NA,46353,77857
72,company-72,Power,HydroCap,UY,tCO2e,5558,116200,NA,NA,114679
72,company-72,Power,HydroCap,MQ,tCO2e,140450,58485,NA,29112,NA
72,company-72,Power,NuclearCap,MS,tCO2e,99795,20262,290303,65597,NA
74,company-74,Power,HydroCap,TF,tCO2e,266775,127031,15277,113461,72796
74,company-74,Power,HydroCap,MQ,tCO2e,149361,22990,NA,30087,35044
74,company-74,Power,HydroCap,MS,tCO2e,383740,NA,129731,14318,11406
75,company-75,Power,OilCap,TF,tCO2e,23946,NA,161349,NA,104515
76,company-76,Power,OilCap,SM,tCO2e,97978,NA,44071,120364,122534
76,company-76,Power,OilCap,MQ,tCO2e,223744,NA,171223,41698,13926
76,company-76,Power,OilCap,GE,tCO2e,NA,148848,221091,73352,24507
77,company-77,Power,RenewablesCap,TF,tCO2e,81943,488093,69471,187466,160467
77,company-77,Power,RenewablesCap,MS,tCO2e,2398,46257,4231,108806,68263
77,company-77,Power,RenewablesCap,UY,tCO2e,29429,88171,114108,5273,10860
77,company-77,Power,HydroCap,UY,tCO2e,68724,11600,210885,128867,NA
77,company-77,Power,HydroCap,MS,tCO2e,30994,100236,235501,82718,NA
77,company-77,Power,CoalCap,MS,tCO2e,37977,NA,12096,111086,82813
77,company-77,Power,CoalCap,GE,tCO2e,165281,261859,33882,30086,179911
77,company-77,Power,CoalCap,MQ,tCO2e,230075,NA,48749,49509,5662
78,company-78,Power,OilCap,UY,tCO2e,NA,NA,69179,103183,NA
78,company-78,Power,OilCap,MQ,tCO2e,NA,52301,12291,NA,60660
78,company-78,Power,OilCap,GE,tCO2e,23163,30983,86650,142386,56275
79,company-79,Power,RenewablesCap,MQ,tCO2e,134608,21581,134666,46008,29755
79,company-79,Power,RenewablesCap,TF,tCO2e,NA,182439,36439,122656,120130
79,company-79,Power,RenewablesCap,MS,tCO2e,325716,140556,3917,9289,9409
79,company-79,Power,RenewablesCap,SM,tCO2e,NA,11702,225874,154521,116603
79,company-79,Power,RenewablesCap,GE,tCO2e,279486,34460,230528,49004,1639
80,company-80,Power,OilCap,UY,tCO2e,58442,NA,155685,60826,171432
80,company-80,Power,OilCap,MQ,tCO2e,NA,40174,NA,120128,222825
80,company-80,Power,GasCap,GE,tCO2e,NA,19879,169627,NA,NA
80,company-80,Power,GasCap,UY,tCO2e,58191,71778,93827,112920,218493
80,company-80,Power,GasCap,MS,tCO2e,NA,84149,65121,25431,NA
80,company-80,Power,GasCap,SM,tCO2e,48907,23301,19864,248520,12986
80,company-80,Power,GasCap,MQ,tCO2e,105364,66617,53944,489883,75986
82,company-82,Power,RenewablesCap,SM,tCO2e,321176,221521,80183,NA,69022
83,company-83,Power,HydroCap,GE,tCO2e,34766,NA,13145,98304,83382
83,company-83,Power,HydroCap,SM,tCO2e,19895,376513,NA,94068,103862
83,company-83,Power,HydroCap,TF,tCO2e,95680,NA,5977,263511,NA
84,company-84,Power,GasCap,MQ,tCO2e,84250,14405,103822,96079,NA
84,company-84,Power,NuclearCap,SM,tCO2e,NA,270245,191543,50600,44007
84,company-84,Power,NuclearCap,TF,tCO2e,34039,216630,73523,104762,NA
84,company-84,Power,NuclearCap,MS,tCO2e,44517,7613,46692,328865,64510
84,company-84,Power,NuclearCap,MQ,tCO2e,55227,NA,105081,65421,NA
86,company-86,Power,NuclearCap,UY,tCO2e,NA,147838,64606,NA,NA
86,company-86,Power,NuclearCap,SM,tCO2e,NA,NA,121222,184936,224773
86,company-86,Power,NuclearCap,GE,tCO2e,77636,102354,44986,16728,29983
86,company-86,Power,CoalCap,GE,tCO2e,319067,3615,56196,65122,48099
86,company-86,Power,CoalCap,TF,tCO2e,614,NA,15618,NA,NA
86,company-86,Power,CoalCap,MS,tCO2e,24245,NA,NA,NA,99054
86,company-86,Power,CoalCap,UY,tCO2e,117283,37495,77734,161996,62649
86,company-86,Power,CoalCap,SM,tCO2e,47148,184327,327543,45184,79962
86,company-86,Power,GasCap,TF,tCO2e,125398,49129,33768,76982,56681
86,company-86,Power,GasCap,MS,tCO2e,22043,69852,137603,NA,NA
86,company-86,Power,GasCap,GE,tCO2e,133487,77135,925628,148114,94168
87,company-87,Power,OilCap,TF,tCO2e,18126,22860,NA,26302,152586
87,company-87,Power,OilCap,MQ,tCO2e,29933,143932,NA,6765,68927
87,company-87,Power,OilCap,UY,tCO2e,13511,NA,18918,75450,156507
87,company-87,Power,OilCap,GE,tCO2e,6443,11542,76607,91172,134565
87,company-87,Power,OilCap,MS,tCO2e,267354,144192,NA,63180,110810
87,company-87,Power,RenewablesCap,SM,tCO2e,162975,335410,81149,6431,127693
87,company-87,Power,RenewablesCap,GE,tCO2e,15883,30350,NA,NA,NA
87,company-87,Power,RenewablesCap,MQ,tCO2e,109285,95962,146925,908,NA
89,company-89,Power,RenewablesCap,SM,tCO2e,NA,52476,156103,94626,117972
89,company-89,Power,RenewablesCap,MS,tCO2e,120138,14646,52058,80859,162576
89,company-89,Power,RenewablesCap,GE,tCO2e,60427,114388,297316,NA,106293
89,company-89,Power,RenewablesCap,UY,tCO2e,NA,33873,NA,214585,44037
89,company-89,Power,CoalCap,UY,tCO2e,25571,41342,83346,29452,5891
89,company-89,Power,CoalCap,GE,tCO2e,283099,2784,44619,NA,NA
89,company-89,Power,CoalCap,MS,tCO2e,289787,NA,NA,102082,13147
89,company-89,Power,CoalCap,SM,tCO2e,303373,21353,58093,18031,60232
90,company-90,Power,CoalCap,UY,tCO2e,83775,67652,384697,97659,NA
90,company-90,Power,CoalCap,MS,tCO2e,NA,212544,NA,71513,NA
90,company-90,Power,CoalCap,GE,tCO2e,204897,138741,174936,1613,140150
90,company-90,Power,CoalCap,MQ,tCO2e,56860,74740,30684,186480,37271
90,company-90,Power,CoalCap,TF,tCO2e,171830,6186,31947,57555,23817
90,company-90,Power,GasCap,MS,tCO2e,NA,26523,NA,61887,NA
90,company-90,Power,GasCap,UY,tCO2e,5829,45226,41326,15864,335618
90,company-90,Power,RenewablesCap,GE,tCO2e,30009,143850,7996,5491,397031
90,company-90,Power,RenewablesCap,TF,tCO2e,225450,46740,167571,179781,100450
90,company-90,Power,RenewablesCap,SM,tCO2e,NA,118503,7651,33671,41169
90,company-90,Power,RenewablesCap,MQ,tCO2e,NA,42362,779,113196,35097
90,company-90,Power,RenewablesCap,MS,tCO2e,172216,91312,NA,NA,NA
91,company-91,Power,NuclearCap,MS,tCO2e,141034,210658,171094,127645,296641
91,company-91,Power,NuclearCap,SM,tCO2e,NA,51280,116313,56177,82844
91,company-91,Power,NuclearCap,GE,tCO2e,107127,NA,69436,38499,201352
91,company-91,Power,NuclearCap,UY,tCO2e,245599,29345,137250,NA,NA
92,company-92,Power,GasCap,TF,tCO2e,70027,40351,34182,43069,170616
92,company-92,Power,GasCap,MS,tCO2e,85550,85505,NA,27400,NA
93,company-93,Power,HydroCap,TF,tCO2e,6365,140259,75485,7777,126593
93,company-93,Power,CoalCap,MQ,tCO2e,111,29823,109307,NA,56838
94,company-94,Power,RenewablesCap,SM,tCO2e,34881,NA,NA,278829,NA
94,company-94,Power,RenewablesCap,UY,tCO2e,135096,65719,81462,59682,NA
94,company-94,Power,RenewablesCap,MS,tCO2e,309575,69838,29323,NA,197811
94,company-94,Coal,Coal,MS,tCO2e,425151,226025,77399,121443,13821
94,company-94,Coal,Coal,MQ,tCO2e,16841,185464,NA,12491,123836
94,company-94,Coal,Coal,TF,tCO2e,NA,267699,100307,100850,27153
95,company-95,Power,HydroCap,MS,tCO2e,NA,21298,173064,198646,29136
95,company-95,Power,NuclearCap,UY,tCO2e,53021,NA,63326,25225,36102
95,company-95,Power,NuclearCap,SM,tCO2e,252128,149359,80448,3302,NA
95,company-95,Power,NuclearCap,MS,tCO2e,401008,NA,NA,NA,105082
96,company-96,Power,RenewablesCap,SM,tCO2e,NA,221558,2789,NA,NA
97,company-97,Power,OilCap,MQ,tCO2e,481361,57669,109263,33803,145575
97,company-97,Power,OilCap,UY,tCO2e,NA,87728,NA,143530,NA
97,company-97,Power,OilCap,SM,tCO2e,79049,NA,17855,40624,25562
97,company-97,Power,OilCap,TF,tCO2e,NA,NA,58630,100,NA
98,company-98,Power,OilCap,GE,tCO2e,96485,111113,10936,131944,22596
98,company-98,Power,OilCap,SM,tCO2e,NA,130054,94477,NA,NA
98,company-98,Power,OilCap,TF,tCO2e,5063,NA,67166,24509,10095
98,company-98,Power,OilCap,UY,tCO2e,15871,NA,2377,27457,NA
99,company-99,Power,OilCap,TF,tCO2e,NA,167413,23457,37392,263513
99,company-99,Power,OilCap,MQ,tCO2e,NA,40319,123103,83383,19508
99,company-99,Power,OilCap,UY,tCO2e,218949,224736,59255,184324,67918
99,company-99,Power,OilCap,SM,tCO2e,NA,NA,739393,35070,NA
99,company-99,Power,OilCap,GE,tCO2e,7309,148230,128564,NA,71616
100,company-100,Power,HydroCap,MS,tCO2e,32362,63702,155332,74903,413584
100,company-100,Power,CoalCap,TF,tCO2e,211573,52117,179829,9779,NA
100,company-100,Power,CoalCap,GE,tCO2e,181150,37819,52055,163493,166944
100,company-100,Power,CoalCap,UY,tCO2e,566781,26798,NA,303685,81080
1,company-1,Power,HydroCap,MS,tCO2e,142889,228,34329,54116,NA
2,company-2,Power,NuclearCap,MS,tCO2e,31558,NA,74933,9896,204252
2,company-2,Power,NuclearCap,UY,tCO2e,51950,NA,NA,NA,159302
2,company-2,Power,NuclearCap,GE,tCO2e,32265,15941,4002,217127,NA
3,company-3,Power,HydroCap,GE,tCO2e,57466,NA,154092,59219,NA
3,company-3,Power,HydroCap,MQ,tCO2e,48773,NA,135208,NA,91524
3,company-3,Power,HydroCap,UY,tCO2e,167425,220438,228443,52072,NA
3,company-3,Power,HydroCap,TF,tCO2e,243088,NA,28298,35706,15239
3,company-3,Power,HydroCap,MS,tCO2e,36929,145409,NA,69714,75264
5,company-5,Power,OilCap,SM,tCO2e,30319,72887,12059,166311,96387
5,company-5,Power,OilCap,GE,tCO2e,119207,145734,61338,NA,45470
6,company-6,Power,CoalCap,UY,tCO2e,27519,32176,49515,362651,NA
6,company-6,Power,CoalCap,TF,tCO2e,496,375390,60350,262,157837
11,company-11,Power,OilCap,MS,tCO2e,112767,NA,9150,105203,25374
12,company-12,Power,HydroCap,UY,tCO2e,42375,36379,191963,110289,190559
12,company-12,Power,HydroCap,GE,tCO2e,31605,104919,60962,NA,NA
12,company-12,Power,HydroCap,SM,tCO2e,139845,130167,328827,178235,81070
13,company-13,Power,NuclearCap,UY,tCO2e,35962,239182,13137,59967,18571
13,company-13,Power,NuclearCap,SM,tCO2e,9505,102589,1819,22316,5713
13,company-13,Power,NuclearCap,MQ,tCO2e,95772,NA,63905,40076,118819
13,company-13,Power,NuclearCap,TF,tCO2e,NA,110276,33410,53731,79447
13,company-13,Power,HydroCap,GE,tCO2e,NA,NA,46535,40676,122699
13,company-13,Power,HydroCap,MQ,tCO2e,22030,NA,74927,NA,116959
13,company-13,Power,HydroCap,MS,tCO2e,11012,128242,NA,38987,NA
13,company-13,Power,HydroCap,UY,tCO2e,88710,NA,7301,204627,254360
13,company-13,Power,HydroCap,SM,tCO2e,80464,51515,NA,146536,6978
14,company-14,Power,HydroCap,MS,tCO2e,NA,13908,NA,NA,401657
14,company-14,Power,HydroCap,UY,tCO2e,NA,42170,1414,NA,42885
14,company-14,Power,HydroCap,GE,tCO2e,69163,198667,1317,29449,71991
17,company-17,Power,GasCap,SM,tCO2e,170937,70458,4782,NA,3036
17,company-17,Power,GasCap,UY,tCO2e,42186,23972,NA,99326,61021
17,company-17,Power,GasCap,GE,tCO2e,103360,33608,32261,71887,79915
18,company-18,Power,HydroCap,GE,tCO2e,NA,24806,1253,34973,NA
18,company-18,Power,HydroCap,TF,tCO2e,65948,38811,28410,NA,60626
18,company-18,Power,HydroCap,MQ,tCO2e,9036,205252,5091,NA,425398
18,company-18,Power,HydroCap,MS,tCO2e,20761,95061,88855,90662,192225
20,company-20,Power,NuclearCap,MQ,tCO2e,98836,NA,169538,4552,117915
20,company-20,Power,NuclearCap,MS,tCO2e,274119,124281,3908,13987,83284
20,company-20,Power,NuclearCap,SM,tCO2e,115451,29494,107928,2629,23940
20,company-20,Power,NuclearCap,TF,tCO2e,NA,141709,264,16720,96642
20,company-20,Power,NuclearCap,UY,tCO2e,1460,2447,NA,12362,6182
21,company-21,Power,HydroCap,UY,tCO2e,NA,103660,151839,4719,43886
25,company-25,Power,GasCap,UY,tCO2e,17633,106791,67096,9534,73533
25,company-25,Power,GasCap,TF,tCO2e,118600,45291,33292,125617,247136
25,company-25,Power,NuclearCap,MS,tCO2e,292089,15010,NA,NA,14596
25,company-25,Power,NuclearCap,TF,tCO2e,240354,308611,110742,118049,66217
25,company-25,Power,NuclearCap,UY,tCO2e,189269,79117,NA,NA,413449
25,company-25,Power,NuclearCap,SM,tCO2e,351639,106699,41064,4998,NA
27,company-27,Power,NuclearCap,TF,tCO2e,75263,24614,NA,4070,44520
27,company-27,Power,NuclearCap,SM,tCO2e,177850,208490,NA,7175,NA
27,company-27,Power,NuclearCap,MQ,tCO2e,857,112742,3623,NA,108944
27,company-27,Power,GasCap,GE,tCO2e,23934,2173,NA,185604,NA
29,company-29,Power,HydroCap,GE,tCO2e,4156,39894,258019,14675,6392
29,company-29,Power,HydroCap,TF,tCO2e,227894,193432,55812,45862,51108
29,company-29,Power,HydroCap,MS,tCO2e,NA,NA,311595,NA,118721
29,company-29,Power,HydroCap,SM,tCO2e,47079,21189,NA,147633,41112
29,company-29,Power,HydroCap,UY,tCO2e,126360,125368,NA,117330,20136
32,company-32,Power,GasCap,SM,tCO2e,108905,161888,96231,204971,43570
32,company-32,Power,GasCap,UY,tCO2e,252460,87648,76967,113801,62774
36,company-36,Power,HydroCap,UY,tCO2e,56907,NA,NA,101308,45471
36,company-36,Power,HydroCap,MQ,tCO2e,30138,338369,NA,92163,279931
36,company-36,Power,NuclearCap,SM,tCO2e,106256,35848,20816,NA,109527
36,company-36,Power,NuclearCap,MQ,tCO2e,78467,113513,20298,193376,70065
36,company-36,Power,NuclearCap,UY,tCO2e,72297,816786,NA,NA,207238
36,company-36,Power,NuclearCap,MS,tCO2e,78297,NA,140195,10501,48895
36,company-36,Power,NuclearCap,TF,tCO2e,73619,NA,15305,37763,18067
37,company-37,Power,GasCap,GE,tCO2e,153679,65082,2959,58902,NA
37,company-37,Power,GasCap,TF,tCO2e,16452,116583,200173,2579,90715
39,company-39,Power,CoalCap,GE,tCO2e,NA,46840,NA,266,180987
39,company-39,Power,CoalCap,MS,tCO2e,NA,114694,168195,16835,NA
41,company-41,Power,HydroCap,TF,tCO2e,249570,81498,69227,71592,44463
41,company-41,Power,OilCap,TF,tCO2e,28498,227332,NA,23162,53806
41,company-41,Power,OilCap,UY,tCO2e,92356,84035,NA,46882,59874
41,company-41,Power,OilCap,SM,tCO2e,NA,207008,154652,16990,8675
41,company-41,Power,GasCap,MS,tCO2e,240313,126205,83539,NA,NA
41,company-41,Power,GasCap,GE,tCO2e,76817,182349,NA,250379,125561
44,company-44,Power,GasCap,GE,tCO2e,12530,NA,39321,74436,NA
44,company-44,Power,GasCap,SM,tCO2e,224875,128501,182703,263432,63316
45,company-45,Power,NuclearCap,SM,tCO2e,110342,2584,163562,11994,306723
45,company-45,Power,NuclearCap,GE,tCO2e,NA,57336,7375,25199,NA
45,company-45,Power,NuclearCap,MQ,tCO2e,160949,85828,81070,279139,183999
46,company-46,Power,NuclearCap,GE,tCO2e,26663,NA,42319,23465,NA
46,company-46,Power,NuclearCap,MS,tCO2e,79915,NA,5347,306942,63333
46,company-46,Power,NuclearCap,MQ,tCO2e,116676,NA,246233,61621,96020
46,company-46,Power,NuclearCap,SM,tCO2e,102209,29851,398329,9834,70086
47,company-47,Power,CoalCap,TF,tCO2e,NA,96511,111505,86806,34206
47,company-47,Power,CoalCap,UY,tCO2e,NA,NA,NA,NA,NA
52,company-52,Power,CoalCap,GE,tCO2e,91305,102311,90433,NA,70518
55,company-55,Power,CoalCap,SM,tCO2e,NA,254243,32190,213931,45009
55,company-55,Power,CoalCap,MQ,tCO2e,9346,3151,1834,161406,84261
55,company-55,Power,CoalCap,TF,tCO2e,175694,83824,24929,NA,196461
56,company-56,Power,RenewablesCap,GE,tCO2e,88323,313463,104034,104121,100092
56,company-56,Power,RenewablesCap,MS,tCO2e,148935,2295,68816,40436,19472
57,company-57,Power,HydroCap,MQ,tCO2e,79444,17667,163029,22504,28405
57,company-57,Power,HydroCap,TF,tCO2e,59630,126731,187306,NA,49364
58,company-58,Power,OilCap,TF,tCO2e,34835,NA,46602,55462,29666
58,company-58,Power,OilCap,GE,tCO2e,NA,111388,202900,NA,NA
59,company-59,Power,HydroCap,SM,tCO2e,35536,26882,4400,39397,150131
59,company-59,Power,HydroCap,MS,tCO2e,82493,162023,3997,11957,104831
59,company-59,Power,HydroCap,GE,tCO2e,94433,2296,NA,133895,67072
59,company-59,Power,HydroCap,TF,tCO2e,274909,32297,8912,NA,29405
59,company-59,Power,HydroCap,UY,tCO2e,324000,47054,290703,NA,31155
59,company-59,Power,NuclearCap,UY,tCO2e,46701,97538,284564,NA,NA
59,company-59,Power,NuclearCap,MS,tCO2e,NA,189373,75687,56500,5000
59,company-59,Power,NuclearCap,GE,tCO2e,189869,35827,77650,87739,NA
62,company-62,Power,OilCap,GE,tCO2e,52755,39604,120000,190877,63360
62,company-62,Power,OilCap,MQ,tCO2e,113380,92508,50527,55798,38860
62,company-62,Power,OilCap,SM,tCO2e,44463,281648,215686,75734,NA
64,company-64,Power,HydroCap,MQ,tCO2e,152969,2875,135009,NA,NA
64,company-64,Power,HydroCap,UY,tCO2e,221114,NA,62563,74707,NA
67,company-67,Power,OilCap,GE,tCO2e,NA,33883,NA,86559,111629
69,company-69,Power,RenewablesCap,MQ,tCO2e,75956,6461,346338,23547,22759
69,company-69,Power,RenewablesCap,GE,tCO2e,10253,47339,NA,62469,219358
71,company-71,Power,RenewablesCap,UY,tCO2e,16007,186264,108150,12817,3940
71,company-71,Power,RenewablesCap,TF,tCO2e,251995,7364,268507,25839,76385
74,company-74,Power,HydroCap,TF,tCO2e,NA,49292,166130,329226,65921
74,company-74,Power,HydroCap,MQ,tCO2e,NA,203122,25338,41415,149206
74,company-74,Power,HydroCap,UY,tCO2e,65267,19542,41209,108543,124731
74,company-74,Power,HydroCap,MS,tCO2e,13555,NA,14064,1424,128038
76,company-76,Power,OilCap,SM,tCO2e,19000,21695,NA,28481,71772
76,company-76,Power,OilCap,MS,tCO2e,62329,61594,204151,50969,35952
76,company-76,Power,OilCap,MQ,tCO2e,106854,62749,NA,191252,357546
76,company-76,Power,OilCap,UY,tCO2e,114681,NA,NA,651736,181665
77,company-77,Power,RenewablesCap,UY,tCO2e,54586,55358,38598,NA,70882
77,company-77,Power,RenewablesCap,GE,tCO2e,33721,159293,14146,14682,17000
77,company-77,Power,RenewablesCap,MQ,tCO2e,41269,16487,19670,226366,42125
77,company-77,Power,RenewablesCap,MS,tCO2e,362221,190652,85966,40312,505126
77,company-77,Power,CoalCap,MQ,tCO2e,NA,NA,52605,32029,73073
77,company-77,Power,CoalCap,UY,tCO2e,NA,NA,32914,31239,NA
79,company-79,Power,RenewablesCap,MS,tCO2e,21457,50344,69014,53949,77881
79,company-79,Power,RenewablesCap,MQ,tCO2e,312289,157682,76049,29332,30951
80,company-80,Power,GasCap,UY,tCO2e,68161,NA,15743,77778,52093
80,company-80,Power,GasCap,GE,tCO2e,56985,100010,NA,90959,NA
80,company-80,Power,GasCap,SM,tCO2e,68442,2116,63406,74198,20539
80,company-80,Power,GasCap,TF,tCO2e,200250,NA,2008,51507,33681
80,company-80,Power,GasCap,MS,tCO2e,NA,177089,61833,54549,52848
83,company-83,Power,HydroCap,MS,tCO2e,98211,538886,NA,NA,47807
86,company-86,Power,NuclearCap,MS,tCO2e,217836,27565,26752,36332,36148
86,company-86,Power,NuclearCap,SM,tCO2e,98486,NA,69075,5890,NA
86,company-86,Power,NuclearCap,UY,tCO2e,101560,91282,14528,39559,2483
86,company-86,Power,NuclearCap,MQ,tCO2e,NA,NA,NA,NA,34888
86,company-86,Power,NuclearCap,GE,tCO2e,NA,76253,28244,258225,43399
87,company-87,Power,RenewablesCap,TF,tCO2e,96130,38557,NA,32020,179512
87,company-87,Power,RenewablesCap,SM,tCO2e,34879,46606,84574,235650,155575
87,company-87,Power,RenewablesCap,GE,tCO2e,NA,101867,1307,115972,181087
89,company-89,Power,CoalCap,MS,tCO2e,73740,122465,24525,183475,NA
89,company-89,Power,CoalCap,TF,tCO2e,40890,245249,12018,33325,179899
90,company-90,Power,CoalCap,UY,tCO2e,93251,436,13881,277105,60759
90,company-90,Power,CoalCap,SM,tCO2e,168322,49990,128618,20542,NA
90,company-90,Power,CoalCap,MQ,tCO2e,43197,NA,160038,NA,279023
90,company-90,Power,CoalCap,TF,tCO2e,124234,17530,NA,148466,NA
90,company-90,Power,CoalCap,GE,tCO2e,3085,127850,29449,100497,33670
90,company-90,Power,RenewablesCap,MS,tCO2e,136394,130325,14433,2355,346240
90,company-90,Power,RenewablesCap,SM,tCO2e,NA,5205,NA,77886,NA
90,company-90,Power,RenewablesCap,GE,tCO2e,328759,4421,NA,124971,549460
90,company-90,Power,RenewablesCap,UY,tCO2e,19398,48939,275019,57793,1306
90,company-90,Power,RenewablesCap,TF,tCO2e,222053,48380,33537,32191,114016
92,company-92,Power,GasCap,TF,tCO2e,77651,76702,22762,63159,154359
93,company-93,Power,HydroCap,MQ,tCO2e,113398,NA,NA,144870,75689
93,company-93,Power,HydroCap,TF,tCO2e,206466,39470,92974,144977,500040
93,company-93,Power,HydroCap,SM,tCO2e,26330,65328,NA,133090,490470
93,company-93,Power,CoalCap,GE,tCO2e,61298,9293,34229,131249,6290
94,company-94,Power,RenewablesCap,SM,tCO2e,NA,NA,285077,42750,12799
94,company-94,Power,RenewablesCap,UY,tCO2e,82290,5043,NA,112316,35629
95,company-95,Power,NuclearCap,MS,tCO2e,149582,246046,140908,33156,951
95,company-95,Power,NuclearCap,TF,tCO2e,197057,41957,53189,77048,71610
95,company-95,Power,NuclearCap,SM,tCO2e,48644,1435,102078,3733,161927
95,company-95,Power,NuclearCap,GE,tCO2e,NA,99386,36790,141159,40705
95,company-95,Power,NuclearCap,MQ,tCO2e,NA,29634,27771,588,94372
99,company-99,Power,OilCap,SM,tCO2e,NA,111365,89102,NA,89119
99,company-99,Power,OilCap,TF,tCO2e,96657,164768,1760,NA,13846
99,company-99,Power,OilCap,UY,tCO2e,29524,109424,35213,NA,41800
99,company-99,Power,OilCap,GE,tCO2e,76620,NA,165422,94970,97588
99,company-99,Power,OilCap,MS,tCO2e,352595,NA,NA,24658,NA
100,company-100,Power,HydroCap,UY,tCO2e,115844,NA,44729,31190,48707
100,company-100,Power,HydroCap,TF,tCO2e,30294,64008,76305,62421,9577
100,company-100,Power,HydroCap,MQ,tCO2e,16187,111543,66375,80318,54395
100,company-100,Power,HydroCap,MS,tCO2e,NA,45452,16695,216400,NA
100,company-100,Power,CoalCap,SM,tCO2e,227975,169603,3552,NA,79051
100,company-100,Power,CoalCap,TF,tCO2e,60833,6624,8729,59084,155252
4,company-4,Power,HydroCap,UY,tCO2e,26071,NA,162044,6663,242545
4,company-4,Power,HydroCap,GE,tCO2e,NA,NA,90798,NA,29926
4,company-4,Power,HydroCap,TF,tCO2e,NA,299942,93742,NA,42319
4,company-4,Power,HydroCap,MQ,tCO2e,71057,105230,7318,170705,NA
6,company-6,Power,NuclearCap,MS,tCO2e,136772,178178,NA,121002,11902
6,company-6,Power,NuclearCap,SM,tCO2e,122971,261814,151918,1653,NA
6,company-6,Power,NuclearCap,GE,tCO2e,93853,131884,113275,115979,NA
7,company-7,Power,RenewablesCap,TF,tCO2e,42673,34544,111812,4421,130466
7,company-7,Power,RenewablesCap,GE,tCO2e,NA,5036,213842,42943,66936
9,company-9,Power,OilCap,TF,tCO2e,166344,NA,246425,5587,310531
10,company-10,Power,OilCap,GE,tCO2e,61426,22873,42979,34898,NA
10,company-10,Power,OilCap,MQ,tCO2e,17197,225248,32531,26843,34
11,company-11,Power,RenewablesCap,MQ,tCO2e,NA,119092,59604,2959,836604
14,company-14,Power,CoalCap,UY,tCO2e,NA,NA,37811,44422,NA
14,company-14,Power,CoalCap,MS,tCO2e,177278,NA,8860,NA,27377
14,company-14,Power,CoalCap,GE,tCO2e,52946,NA,3212,NA,19745
14,company-14,Power,CoalCap,TF,tCO2e,62762,9368,117448,75694,102300
14,company-14,Power,CoalCap,SM,tCO2e,69068,64707,NA,NA,27826
15,company-15,Power,OilCap,GE,tCO2e,11563,NA,39004,137407,87371
15,company-15,Power,OilCap,MQ,tCO2e,39282,183822,361014,29603,18535
15,company-15,Power,OilCap,SM,tCO2e,157924,153583,NA,9684,13674
15,company-15,Power,OilCap,MS,tCO2e,43879,29734,4078,28757,259553
16,company-16,Power,NuclearCap,MQ,tCO2e,651,NA,125592,NA,NA
16,company-16,Power,NuclearCap,GE,tCO2e,NA,173802,15781,7077,NA
16,company-16,Power,NuclearCap,UY,tCO2e,137191,117230,104446,5160,5955
16,company-16,Power,NuclearCap,SM,tCO2e,NA,134375,29439,232221,NA
16,company-16,Power,NuclearCap,TF,tCO2e,73501,NA,185888,311540,NA
18,company-18,Power,RenewablesCap,TF,tCO2e,14211,92980,NA,12980,123872
18,company-18,Power,RenewablesCap,MQ,tCO2e,132092,NA,2924,87171,143127
18,company-18,Power,RenewablesCap,MS,tCO2e,421779,86200,126569,NA,30931
18,company-18,Power,RenewablesCap,SM,tCO2e,52393,126699,155884,70153,23304
18,company-18,Power,RenewablesCap,GE,tCO2e,79643,12488,175,64680,126879
18,company-18,Power,GasCap,UY,tCO2e,51643,13492,96993,2442,46608
18,company-18,Power,GasCap,TF,tCO2e,125657,293809,33211,66764,NA
18,company-18,Power,GasCap,GE,tCO2e,166963,45990,111612,18678,33561
18,company-18,Power,GasCap,MQ,tCO2e,13753,85804,NA,254778,12682
18,company-18,Power,GasCap,SM,tCO2e,95746,216581,387842,8734,NA
21,company-21,Power,OilCap,GE,tCO2e,NA,35347,NA,54076,12719
21,company-21,Power,OilCap,SM,tCO2e,138772,97449,72625,8589,455
21,company-21,Power,OilCap,MS,tCO2e,55734,90642,NA,62884,24890
21,company-21,Power,OilCap,UY,tCO2e,4006,NA,238245,9261,NA
21,company-21,Power,OilCap,TF,tCO2e,65104,2059,140531,188299,11505
22,company-22,Power,GasCap,SM,tCO2e,531326,154011,14581,58426,128865
22,company-22,Power,GasCap,UY,tCO2e,NA,52268,49897,17228,139481
22,company-22,Power,OilCap,MS,tCO2e,8771,273175,105929,173269,21173
24,company-24,Power,GasCap,UY,tCO2e,263355,30644,NA,NA,754
24,company-24,Power,GasCap,GE,tCO2e,343526,5059,235533,175703,55951
24,company-24,Power,GasCap,TF,tCO2e,NA,40745,NA,32241,3867
29,company-29,Power,OilCap,UY,tCO2e,190253,NA,201918,140550,67014
31,company-31,Power,RenewablesCap,MQ,tCO2e,16968,32049,58126,NA,257334
31,company-31,Power,OilCap,TF,tCO2e,NA,84294,3490,12286,109339
31,company-31,Power,OilCap,MQ,tCO2e,127567,390892,NA,364345,63985
31,company-31,Power,OilCap,SM,tCO2e,16247,32217,99247,55770,205528
31,company-31,Power,OilCap,MS,tCO2e,NA,66107,212907,64416,NA
34,company-34,Power,GasCap,TF,tCO2e,283344,NA,79832,5867,91162
34,company-34,Power,GasCap,MS,tCO2e,NA,87301,359675,121214,NA
34,company-34,Power,GasCap,SM,tCO2e,105079,84890,74014,137811,126604
34,company-34,Power,GasCap,UY,tCO2e,NA,NA,186064,99760,140829
34,company-34,Power,GasCap,MQ,tCO2e,246917,NA,131428,154745,NA
37,company-37,Power,OilCap,SM,tCO2e,13437,30452,203685,37544,72126
37,company-37,Power,OilCap,MQ,tCO2e,76952,35810,30321,388902,NA
42,company-42,Power,CoalCap,MS,tCO2e,295172,200518,282014,125870,NA
42,company-42,Power,CoalCap,UY,tCO2e,40379,86671,106811,NA,99115
42,company-42,Power,CoalCap,SM,tCO2e,13268,NA,329482,23910,44098
43,company-43,Power,GasCap,MQ,tCO2e,144026,87507,40599,22870,91555
43,company-43,Power,GasCap,MS,tCO2e,NA,72731,128275,199881,NA
43,company-43,Power,GasCap,GE,tCO2e,162147,33335,NA,3951,36276
43,company-43,Power,GasCap,SM,tCO2e,203387,496346,225496,24573,36592
43,company-43,Power,GasCap,TF,tCO2e,NA,371001,21991,NA,NA
49,company-49,Power,OilCap,MS,tCO2e,NA,107020,193765,22821,345507
49,company-49,Power,NuclearCap,TF,tCO2e,107340,37177,NA,NA,125781
50,company-50,Power,HydroCap,GE,tCO2e,NA,107443,184809,8151,NA
50,company-50,Power,HydroCap,SM,tCO2e,130802,NA,81006,NA,175890
50,company-50,Power,HydroCap,TF,tCO2e,103064,5235,9784,101578,235749
52,company-52,Power,OilCap,MQ,tCO2e,3986,28449,88483,17349,79635
52,company-52,Power,OilCap,UY,tCO2e,223089,1166,13986,35049,28109
52,company-52,Power,OilCap,SM,tCO2e,103195,102962,4796,12150,7233
53,company-53,Power,CoalCap,UY,tCO2e,142728,NA,9155,57222,281921
53,company-53,Power,CoalCap,MS,tCO2e,NA,294021,40856,47426,108544
53,company-53,Power,CoalCap,SM,tCO2e,7887,143601,38181,82201,62067
60,company-60,Power,GasCap,MQ,tCO2e,55086,51467,NA,68419,70468
60,company-60,Power,GasCap,MS,tCO2e,NA,241456,13451,499778,97908
60,company-60,Power,GasCap,TF,tCO2e,249778,4639,214549,105562,NA
60,company-60,Power,GasCap,UY,tCO2e,2963,140886,NA,180549,NA
60,company-60,Power,GasCap,SM,tCO2e,132337,130568,NA,29365,30157
61,company-61,Power,NuclearCap,SM,tCO2e,93902,46530,NA,3610,NA
61,company-61,Power,NuclearCap,MS,tCO2e,14025,NA,169207,NA,29662
61,company-61,Power,NuclearCap,TF,tCO2e,27196,5427,20314,19565,206878
61,company-61,Power,NuclearCap,UY,tCO2e,NA,52395,8760,110916,38383
61,company-61,Power,NuclearCap,GE,tCO2e,159914,22027,951233,46214,11770
63,company-63,Power,GasCap,UY,tCO2e,27726,68594,228940,137590,508939
63,company-63,Power,GasCap,GE,tCO2e,9716,NA,93831,NA,74439
63,company-63,Power,GasCap,MS,tCO2e,61113,282525,812,38547,34876
63,company-63,Power,GasCap,MQ,tCO2e,24960,NA,49381,11382,NA
65,company-65,Power,RenewablesCap,MQ,tCO2e,NA,28379,117341,8587,NA
65,company-65,Power,RenewablesCap,UY,tCO2e,NA,NA,80028,NA,103566
65,company-65,Power,RenewablesCap,TF,tCO2e,43915,107831,27143,236,30301
65,company-65,Power,CoalCap,UY,tCO2e,190416,134965,24208,NA,138324
65,company-65,Power,CoalCap,MQ,tCO2e,5099,229311,85759,NA,NA
66,company-66,Power,GasCap,MQ,tCO2e,330971,27090,18015,89683,122977
66,company-66,Power,GasCap,GE,tCO2e,18846,NA,NA,312869,47489
66,company-66,Power,GasCap,SM,tCO2e,49492,117144,74818,90214,60006
66,company-66,Power,GasCap,TF,tCO2e,88275,NA,11155,129200,73811
66,company-66,Power,GasCap,UY,tCO2e,122440,NA,NA,49755,144019
68,company-68,Power,NuclearCap,MQ,tCO2e,52160,94994,17264,123035,70321
70,company-70,Power,OilCap,TF,tCO2e,93646,45785,221042,34614,14415
70,company-70,Power,OilCap,MQ,tCO2e,NA,206923,NA,164332,8784
70,company-70,Power,OilCap,MS,tCO2e,2084,NA,258777,72335,6
71,company-71,Power,GasCap,MQ,tCO2e,137062,69148,7519,NA,111544
71,company-71,Power,GasCap,MS,tCO2e,5696,112820,41565,13849,47927
72,company-72,Power,HydroCap,MS,tCO2e,92809,91451,102735,154437,5759
72,company-72,Power,HydroCap,TF,tCO2e,123157,121250,119940,37622,NA
72,company-72,Power,HydroCap,GE,tCO2e,53607,174252,27573,NA,21547
72,company-72,Power,HydroCap,MQ,tCO2e,73082,241721,111812,60672,54602
72,company-72,Power,NuclearCap,TF,tCO2e,2720,86258,129836,2215,1512
72,company-72,Power,NuclearCap,UY,tCO2e,132045,144,26400,103135,118425
72,company-72,Power,NuclearCap,SM,tCO2e,NA,34614,NA,239123,165853
72,company-72,Power,NuclearCap,GE,tCO2e,50984,1436,514961,117583,89506
75,company-75,Power,OilCap,SM,tCO2e,NA,NA,NA,NA,NA
77,company-77,Power,HydroCap,GE,tCO2e,270368,212878,105552,77280,44671
77,company-77,Power,HydroCap,SM,tCO2e,NA,455722,302159,7622,3553
77,company-77,Power,HydroCap,TF,tCO2e,333173,12037,52996,62158,51898
77,company-77,Power,HydroCap,MQ,tCO2e,17308,128179,64247,NA,23517
77,company-77,Power,HydroCap,UY,tCO2e,81456,9118,14701,30797,14215
78,company-78,Power,OilCap,MQ,tCO2e,18701,87676,48901,57865,NA
78,company-78,Power,OilCap,MS,tCO2e,122367,248331,164773,37631,99619
78,company-78,Power,OilCap,GE,tCO2e,73584,107288,137775,NA,NA
80,company-80,Power,OilCap,MS,tCO2e,108706,NA,NA,NA,NA
82,company-82,Power,RenewablesCap,MQ,tCO2e,15663,13644,356110,82994,201007
82,company-82,Power,RenewablesCap,SM,tCO2e,NA,289822,NA,9889,NA
84,company-84,Power,GasCap,MS,tCO2e,NA,31086,74964,143590,65740
84,company-84,Power,GasCap,UY,tCO2e,143262,103250,162511,8100,52467
84,company-84,Power,GasCap,GE,tCO2e,11897,173238,105666,37109,43667
84,company-84,Power,GasCap,MQ,tCO2e,17649,34209,2891,42014,19203
84,company-84,Power,NuclearCap,MQ,tCO2e,NA,127,NA,38803,65157
84,company-84,Power,NuclearCap,TF,tCO2e,38438,16897,41728,61276,NA
84,company-84,Power,NuclearCap,GE,tCO2e,53686,107914,147846,4641,111749
86,company-86,Power,CoalCap,UY,tCO2e,65389,NA,54370,63824,146992
86,company-86,Power,CoalCap,MQ,tCO2e,45769,425021,NA,NA,139146
86,company-86,Power,GasCap,UY,tCO2e,NA,NA,166295,NA,138711
86,company-86,Power,GasCap,GE,tCO2e,163571,146713,12358,46365,NA
86,company-86,Power,GasCap,SM,tCO2e,215589,65468,NA,133557,79485
87,company-87,Power,OilCap,TF,tCO2e,65430,73466,26961,58259,49843
87,company-87,Power,OilCap,UY,tCO2e,189269,47152,38976,NA,11697
87,company-87,Power,OilCap,MQ,tCO2e,101618,6613,NA,NA,22493
87,company-87,Power,OilCap,SM,tCO2e,34897,NA,1501,105629,126232
87,company-87,Power,OilCap,GE,tCO2e,30828,44023,69617,190055,210237
89,company-89,Power,RenewablesCap,GE,tCO2e,NA,32716,95993,98968,NA
89,company-89,Power,RenewablesCap,MS,tCO2e,NA,NA,74788,526176,21278
89,company-89,Power,RenewablesCap,TF,tCO2e,154393,151695,NA,74937,142950
89,company-89,Power,RenewablesCap,MQ,tCO2e,52523,149956,15062,29241,88070
89,company-89,Power,RenewablesCap,SM,tCO2e,NA,44485,116121,115779,273180
90,company-90,Power,GasCap,SM,tCO2e,108751,372312,3957,12871,132729
90,company-90,Power,GasCap,TF,tCO2e,NA,179510,7271,54064,NA
90,company-90,Power,GasCap,MS,tCO2e,229215,241638,366233,326045,NA
90,company-90,Power,GasCap,GE,tCO2e,65422,15047,39244,72530,104434
90,company-90,Power,GasCap,MQ,tCO2e,32244,57856,NA,NA,132266
91,company-91,Power,NuclearCap,SM,tCO2e,33431,NA,298317,5405,218160
91,company-91,Power,NuclearCap,MS,tCO2e,75377,20506,NA,65928,237166
95,company-95,Power,HydroCap,MS,tCO2e,28794,118793,NA,NA,NA
96,company-96,Power,RenewablesCap,UY,tCO2e,173501,26763,81734,NA,71606
96,company-96,Power,RenewablesCap,MS,tCO2e,487046,17684,80493,112170,23392
97,company-97,Power,OilCap,MS,tCO2e,151089,8047,53344,NA,57197
97,company-97,Power,OilCap,TF,tCO2e,116267,26822,NA,29635,111397
98,company-98,Power,OilCap,TF,tCO2e,106445,22602,38500,NA,33138
14,company-14,Power,GasCap,R2,tCO2e,NA,NA,NA,NA,NA
14,company-14,Power,GasCap,CI,tCO2e,NA,NA,NA,NA,NA
14,company-14,Power,GasCap,LY,tCO2e,NA,NA,NA,NA,NA
14,company-14,Power,GasCap,MG,tCO2e,NA,NA,NA,NA,NA
14,company-14,Power,GasCap,BO,tCO2e,NA,NA,NA,NA,NA
40,company-40,Power,OilCap,TL,tCO2e,NA,NA,NA,NA,NA
40,company-40,Power,OilCap,BO,tCO2e,NA,NA,NA,NA,NA
40,company-40,Power,OilCap,LY,tCO2e,NA,NA,NA,NA,NA
46,company-46,Power,CoalCap,LY,tCO2e,NA,NA,NA,NA,NA
46,company-46,Power,CoalCap,BO,tCO2e,NA,NA,NA,NA,NA
46,company-46,Power,CoalCap,CI,tCO2e,NA,NA,NA,NA,NA
73,company-73,Power,RenewablesCap,MG,tCO2e,NA,NA,NA,NA,NA
73,company-73,Power,RenewablesCap,TL,tCO2e,NA,NA,NA,NA,NA
73,company-73,Power,RenewablesCap,R2,tCO2e,NA,NA,NA,NA,NA
73,company-73,Power,RenewablesCap,BO,tCO2e,NA,NA,NA,NA,NA
75,company-75,Power,RenewablesCap,LY,tCO2e,NA,NA,NA,NA,NA
75,company-75,Power,RenewablesCap,CI,tCO2e,NA,NA,NA,NA,NA
75,company-75,Power,RenewablesCap,TL,tCO2e,NA,NA,NA,NA,NA
88,company-88,Power,HydroCap,CI,tCO2e,NA,NA,NA,NA,NA
88,company-88,Power,HydroCap,BO,tCO2e,NA,NA,NA,NA,NA
88,company-88,Power,HydroCap,LY,tCO2e,NA,NA,NA,NA,NA
90,company-90,Power,OilCap,CI,tCO2e,NA,NA,NA,NA,NA
90,company-90,Power,OilCap,TL,tCO2e,NA,NA,NA,NA,NA
97,company-97,Power,CoalCap,TL,tCO2e,NA,NA,NA,NA,NA
97,company-97,Power,CoalCap,LY,tCO2e,NA,NA,NA,NA,NA
97,company-97,Power,CoalCap,MG,tCO2e,NA,NA,NA,NA,NA
14,company-14,Power,GasCap,TL,tCO2e,NA,NA,NA,NA,NA
14,company-14,Power,GasCap,LY,tCO2e,NA,NA,NA,NA,NA
14,company-14,Power,GasCap,R2,tCO2e,NA,NA,NA,NA,NA
14,company-14,Power,GasCap,BO,tCO2e,NA,NA,NA,NA,NA
40,company-40,Power,OilCap,CI,tCO2e,NA,NA,NA,NA,NA
40,company-40,Power,OilCap,LY,tCO2e,NA,NA,NA,NA,NA
46,company-46,Power,CoalCap,LY,tCO2e,NA,NA,NA,NA,NA
46,company-46,Power,CoalCap,R2,tCO2e,NA,NA,NA,NA,NA
46,company-46,Power,CoalCap,TL,tCO2e,NA,NA,NA,NA,NA
46,company-46,Power,CoalCap,CI,tCO2e,NA,NA,NA,NA,NA
46,company-46,Power,CoalCap,BO,tCO2e,NA,NA,NA,NA,NA
88,company-88,Power,HydroCap,TL,tCO2e,NA,NA,NA,NA,NA
88,company-88,Power,HydroCap,MG,tCO2e,NA,NA,NA,NA,NA
90,company-90,Power,OilCap,TL,tCO2e,NA,NA,NA,NA,NA
90,company-90,Power,OilCap,BO,tCO2e,NA,NA,NA,NA,NA
97,company-97,Power,CoalCap,BO,tCO2e,NA,NA,NA,NA,NA
97,company-97,Power,CoalCap,R2,tCO2e,NA,NA,NA,NA,NA
97,company-97,Power,CoalCap,TL,tCO2e,NA,NA,NA,NA,NA
73,company-73,Power,RenewablesCap,CI,tCO2e,NA,NA,NA,NA,NA
73,company-73,Power,RenewablesCap,TL,tCO2e,NA,NA,NA,NA,NA
73,company-73,Power,RenewablesCap,BO,tCO2e,NA,NA,NA,NA,NA
73,company-73,Power,RenewablesCap,R2,tCO2e,NA,NA,NA,NA,NA
73,company-73,Power,RenewablesCap,LY,tCO2e,NA,NA,NA,NA,NA
75,company-75,Power,RenewablesCap,CI,tCO2e,NA,NA,NA,NA,NA
75,company-75,Power,RenewablesCap,TL,tCO2e,NA,NA,NA,NA,NA
30,company-30,Power,GasCap,GE,tCO2e,NA,NA,NA,NA,NA
30,company-30,Power,GasCap,UY,tCO2e,NA,NA,NA,NA,NA
30,company-30,Power,GasCap,MQ,tCO2e,NA,NA,NA,NA,NA
30,company-30,Power,GasCap,TF,tCO2e,NA,NA,NA,NA,NA
33,company-33,Power,RenewablesCap,UY,tCO2e,NA,NA,NA,NA,NA
34,company-34,Power,NuclearCap,GE,tCO2e,NA,NA,NA,NA,NA
34,company-34,Power,NuclearCap,SM,tCO2e,NA,NA,NA,NA,NA
34,company-34,Power,NuclearCap,TF,tCO2e,NA,NA,NA,NA,NA
34,company-34,Power,NuclearCap,MS,tCO2e,NA,NA,NA,NA,NA
40,company-40,Power,OilCap,MQ,tCO2e,NA,NA,NA,NA,NA
40,company-40,Power,OilCap,SM,tCO2e,NA,NA,NA,NA,NA
40,company-40,Power,OilCap,UY,tCO2e,NA,NA,NA,NA,NA
40,company-40,Power,OilCap,TF,tCO2e,NA,NA,NA,NA,NA
40,company-40,Power,OilCap,GE,tCO2e,NA,NA,NA,NA,NA
61,company-61,Power,OilCap,MQ,tCO2e,NA,NA,NA,NA,NA
61,company-61,Power,OilCap,GE,tCO2e,NA,NA,NA,NA,NA
67,company-67,Power,NuclearCap,MQ,tCO2e,NA,NA,NA,NA,NA
67,company-67,Power,NuclearCap,UY,tCO2e,NA,NA,NA,NA,NA
67,company-67,Power,NuclearCap,GE,tCO2e,NA,NA,NA,NA,NA
85,company-85,Power,OilCap,UY,tCO2e,NA,NA,NA,NA,NA
85,company-85,Power,OilCap,TF,tCO2e,NA,NA,NA,NA,NA
85,company-85,Power,OilCap,MQ,tCO2e,NA,NA,NA,NA,NA
85,company-85,Power,OilCap,MS,tCO2e,NA,NA,NA,NA,NA
85,company-85,Power,OilCap,SM,tCO2e,NA,NA,NA,NA,NA
88,company-88,Power,NuclearCap,UY,tCO2e,NA,NA,NA,NA,NA
88,company-88,Power,NuclearCap,GE,tCO2e,NA,NA,NA,NA,NA
88,company-88,Power,NuclearCap,SM,tCO2e,NA,NA,NA,NA,NA
88,company-88,Power,NuclearCap,TF,tCO2e,NA,NA,NA,NA,NA
88,company-88,Power,NuclearCap,MS,tCO2e,NA,NA,NA,NA,NA
94,company-94,Power,OilCap,MS,tCO2e,NA,NA,NA,NA,NA
94,company-94,Power,OilCap,TF,tCO2e,NA,NA,NA,NA,NA
94,company-94,Power,OilCap,SM,tCO2e,NA,NA,NA,NA,NA
34,company-34,Power,NuclearCap,MQ,tCO2e,NA,NA,NA,NA,NA
34,company-34,Power,NuclearCap,SM,tCO2e,NA,NA,NA,NA,NA
34,company-34,Power,NuclearCap,TF,tCO2e,NA,NA,NA,NA,NA
61,company-61,Power,OilCap,MQ,tCO2e,NA,NA,NA,NA,NA
61,company-61,Power,OilCap,GE,tCO2e,NA,NA,NA,NA,NA
61,company-61,Power,OilCap,SM,tCO2e,NA,NA,NA,NA,NA
85,company-85,Power,OilCap,MQ,tCO2e,NA,NA,NA,NA,NA
85,company-85,Power,OilCap,SM,tCO2e,NA,NA,NA,NA,NA
94,company-94,Power,OilCap,MQ,tCO2e,NA,NA,NA,NA,NA
94,company-94,Power,OilCap,SM,tCO2e,NA,NA,NA,NA,NA
30,company-30,Power,GasCap,MS,tCO2e,NA,NA,NA,NA,NA
30,company-30,Power,GasCap,MQ,tCO2e,NA,NA,NA,NA,NA
30,company-30,Power,GasCap,SM,tCO2e,NA,NA,NA,NA,NA
30,company-30,Power,GasCap,UY,tCO2e,NA,NA,NA,NA,NA
30,company-30,Power,GasCap,GE,tCO2e,NA,NA,NA,NA,NA
33,company-33,Power,RenewablesCap,TF,tCO2e,NA,NA,NA,NA,NA
33,company-33,Power,RenewablesCap,MS,tCO2e,NA,NA,NA,NA,NA
33,company-33,Power,RenewablesCap,UY,tCO2e,NA,NA,NA,NA,NA
33,company-33,Power,RenewablesCap,GE,tCO2e,NA,NA,NA,NA,NA
40,company-40,Power,OilCap,UY,tCO2e,NA,NA,NA,NA,NA
40,company-40,Power,OilCap,MQ,tCO2e,NA,NA,NA,NA,NA
40,company-40,Power,OilCap,GE,tCO2e,NA,NA,NA,NA,NA
67,company-67,Power,NuclearCap,SM,tCO2e,NA,NA,NA,NA,NA
67,company-67,Power,NuclearCap,MS,tCO2e,NA,NA,NA,NA,NA
67,company-67,Power,NuclearCap,GE,tCO2e,NA,NA,NA,NA,NA
67,company-67,Power,NuclearCap,MQ,tCO2e,NA,NA,NA,NA,NA
88,company-88,Power,NuclearCap,UY,tCO2e,NA,NA,NA,NA,NA
88,company-88,Power,NuclearCap,SM,tCO2e,NA,NA,NA,NA,NA
88,company-88,Power,NuclearCap,TF,tCO2e,NA,NA,NA,NA,NA
